<?xml version="1.0" encoding="UTF-8"?>

<Patient xmlns="http://hl7.org/fhir">
  <id value="patient-001"/>
  <meta>
    <lastUpdated value="2025-07-30T10:20:00+01:00"/>
    <profile value="https://dhin.org/2025Connectathon/StructureDefinition/NgPatient"/>
  </meta>
  <text>
    <status value="generated"/><div xmlns="http://www.w3.org/1999/xhtml"><p class="res-header-id"><b>Generated Narrative: Patient patient-001</b></p><a name="patient-001"> </a><a name="hcpatient-001"> </a><div style="display: inline-block; background-color: #d9e0e7; padding: 6px; margin: 4px; border: 1px solid #8da1b4; border-radius: 5px; line-height: 60%"><p style="margin-bottom: 0px">Last updated: 2025-07-30 10:20:00+0100</p><p style="margin-bottom: 0px">Profile: <a href="StructureDefinition-NgPatient.html">NG Patient</a></p></div><p style="border: 1px #661aff solid; background-color: #e6e6ff; padding: 10px;">Chinedu Okoro  Male, DoB: 1990-06-15 ( https://nimc.gov.ng#NIN123456789)</p><hr/><table class="grid"><tr><td style="background-color: #f3f5da" title="Record is active">Active:</td><td colspan="3">true</td></tr><tr><td style="background-color: #f3f5da" title="Ways to contact the Patient">Contact Detail</td><td colspan="3">23 Market Road Nsukka Enugu </td></tr><tr><td style="background-color: #f3f5da" title="Language spoken">Language:</td><td colspan="3"><span title="Codes:{urn:ietf:bcp:47 ig}">Igbo</span></td></tr><tr><td style="background-color: #f3f5da" title="Patient contact">Contact:</td><td colspan="3"><ul><li>Ngozi Okoro </li><li>23 Market Road Nsukka Enugu </li><li><a href="tel:+2348123456789">+2348123456789</a></li></ul></td></tr></table></div>
  </text>
  <identifier>
    <system value="https://nimc.gov.ng"/>
    <value value="NIN123456789"/>
  </identifier>
  <active value="true"/>
  <name>
    <family value="Okoro"/>
    <given value="Chinedu"/>
  </name>
  <gender value="male"/>
  <birthDate value="1990-06-15"/>
  <address>
    <line value="23 Market Road"/>
    <city value="Nsukka"/>
    <district value="nsukka"/>
    <state value="Enugu"/>
  </address>
  <photo>
    <contentType value="image/jpeg"/>
    <url value="https://example.org/patient-photos/chinedu-okoro.jpg"/>
    <size value="245600"/>
    <title value="Chinedu Okoro profile photo"/>
  </photo>
  <contact>
    <name>
      <family value="Okoro"/>
      <given value="Ngozi"/>
    </name>
    <telecom>
      <system value="phone"/>
      <value value="+2348123456789"/>
    </telecom>
    <address>
      <line value="23 Market Road"/>
      <city value="Nsukka"/>
      <district value="nsukka"/>
      <state value="Enugu"/>
    </address>
  </contact>
  <communication>
    <language>
      <coding>
        <system value="urn:ietf:bcp:47"/>
        <code value="ig"/>
        <display value="Igbo"/>
      </coding>
    </language>
  </communication>
</Patient>