<?xml version="1.0" encoding="UTF-8"?>

<PractitionerRole xmlns="http://hl7.org/fhir">
  <id value="practitioner-role-001"/>
  <meta>
    <profile value="https://dhin.org/2025Connectathon/StructureDefinition/ng-practitionerrole"/>
  </meta>
  <text>
    <status value="generated"/><div xmlns="http://www.w3.org/1999/xhtml"><p class="res-header-id"><b>Generated Narrative: PractitionerRole practitioner-role-001</b></p><a name="practitioner-role-001"> </a><a name="hcpractitioner-role-001"> </a><div style="display: inline-block; background-color: #d9e0e7; padding: 6px; margin: 4px; border: 1px solid #8da1b4; border-radius: 5px; line-height: 60%"><p style="margin-bottom: 0px"/><p style="margin-bottom: 0px">Profile: <a href="StructureDefinition-ng-practitionerrole.html">NG PractitionerRole</a></p></div><p><b>active</b>: true</p><p><b>practitioner</b>: <a href="Practitioner-practitioner-001.html">Practitioner Chinelo Okoye </a></p><p><b>organization</b>: <a href="Organization-organization-001.html">Organization Sunlight Medical Center</a></p><p><b>code</b>: <span title="Codes:{http://terminology.hl7.org/CodeSystem/practitioner-role doctor}">Doctor</span></p><p><b>specialty</b>: <span title="Codes:{http://terminology.hl7.org/CodeSystem/c80-practice-codes 408443003}">General medicine</span></p></div>
  </text>
  <active value="true"/>
  <practitioner>
    <reference value="Practitioner/practitioner-001"/>
  </practitioner>
  <organization>
    <reference value="Organization/organization-001"/>
  </organization>
  <code>
    <coding>
      <system value="http://terminology.hl7.org/CodeSystem/practitioner-role"/>
      <code value="doctor"/>
      <display value="Doctor"/>
    </coding>
  </code>
  <specialty>
    <coding>
      <system value="http://terminology.hl7.org/CodeSystem/c80-practice-codes"/>
      <code value="408443003"/>
      <display value="General medicine"/>
    </coding>
  </specialty>
</PractitionerRole>