<?xml version="1.0" encoding="UTF-8"?>

<Provenance xmlns="http://hl7.org/fhir">
  <id value="provenance-001"/>
  <meta>
    <profile value="https://dhin.org/2025Connectathon/StructureDefinition/ng-provenance"/>
  </meta>
  <text>
    <status value="generated"/><div xmlns="http://www.w3.org/1999/xhtml"><p class="res-header-id"><b>Generated Narrative: Provenance provenance-001</b></p><a name="provenance-001"> </a><a name="hcprovenance-001"> </a><div style="display: inline-block; background-color: #d9e0e7; padding: 6px; margin: 4px; border: 1px solid #8da1b4; border-radius: 5px; line-height: 60%"><p style="margin-bottom: 0px"/><p style="margin-bottom: 0px">Profile: <a href="StructureDefinition-ng-provenance.html">NG Provenance</a></p></div><p>Provenance for <a href="MedicationRequest/example-medication-request">MedicationRequest/example-medication-request</a></p><p>Summary</p><table class="grid"><tr><td>Recorded</td><td>2025-08-05 08:45:00+0100</td></tr><tr><td>Location</td><td><a href="Location-example-location.html">Location Gwagwalada Community Pharmacy</a></td></tr><tr><td>Activity</td><td><span title="Codes:{http://terminology.hl7.org/CodeSystem/v3-DataOperation CREATE}">create</span></td></tr></table><p><b>Agents</b></p><table class="grid"><tr><td><b>Type</b></td><td><b>who</b></td><td><b>On Behalf Of</b></td></tr><tr><td><span title="Codes:{http://terminology.hl7.org/CodeSystem/provenance-participant-type author}">Author</span></td><td><a href="Practitioner-practitioner-001.html">Practitioner Chinelo Okoye </a></td><td><a href="Organization/org-hospital">Organization/org-hospital</a></td></tr></table></div>
  </text>
  <target>
    <reference value="MedicationRequest/example-medication-request"/>
  </target>
  <recorded value="2025-08-05T08:45:00+01:00"/>
  <location>
    <reference value="Location/example-location"/>
  </location>
  <activity>
    <coding>
      <system value="http://terminology.hl7.org/CodeSystem/v3-DataOperation"/>
      <code value="CREATE"/>
      <display value="create"/>
    </coding>
  </activity>
  <agent>
    <type>
      <coding>
        <system value="http://terminology.hl7.org/CodeSystem/provenance-participant-type"/>
        <code value="author"/>
        <display value="Author"/>
      </coding>
    </type>
    <who>
      <reference value="Practitioner/practitioner-001"/>
    </who>
    <onBehalfOf>
      <reference value="Organization/org-hospital"/>
    </onBehalfOf>
  </agent>
</Provenance>