<?xml version="1.0" encoding="UTF-8"?><ImplementationGuide xmlns="http://hl7.org/fhir"><id value="2025connectathonPrescription"/><text><status value="generated"/><div xmlns="http://www.w3.org/1999/xhtml"><p class="res-header-id"><b>Generated Narrative: ImplementationGuide 2025connectathonPrescription</b></p><a name="2025connectathonPrescription"> </a><a name="hc2025connectathonPrescription"> </a><h2>DHIN2025connectathonePrescription</h2><p>The official URL for this implementation guide is: </p><pre>https://dhin.org/2025Connectathon/ImplementationGuide/2025connectathonPrescription</pre><div><p>Implementation Guide for testing ePrescription</p>
</div></div></text><url value="https://dhin.org/2025Connectathon/ImplementationGuide/2025connectathonPrescription"/><version value="0.1.0"/><name value="DHIN2025connectathonePrescription"/><title value="DHIN 2025 connectathon ePrescription testing"/><status value="draft"/><date value="2025-07-31T23:10:18+01:00"/><publisher value="https://dhin-hie.org"/><contact><name value="https://dhin-hie.org"/><telecom><system value="url"/><value value="https://dhin-hie.org"/></telecom><telecom><system value="email"/><value value="info@dhin-hie.org"/></telecom></contact><contact><name value="Digital Health Interoperability Network (DHIN)."/><telecom><system value="email"/><value value="info@dhin-hie.org"/><use value="work"/></telecom></contact><description value="Implementation Guide for testing ePrescription"/><jurisdiction><coding><system value="urn:iso:std:iso:3166"/><code value="NG"/><display value="Nigeria"/></coding></jurisdiction><packageId value="2025connectathonPrescription"/><license value="CC0-1.0"/><fhirVersion value="4.0.1"/><dependsOn id="hl7tx"><extension url="http://hl7.org/fhir/tools/StructureDefinition/implementationguide-dependency-comment"><valueMarkdown value="Automatically added as a dependency - all IGs depend on HL7 Terminology"/></extension><uri value="http://terminology.hl7.org/ImplementationGuide/hl7.terminology"/><packageId value="hl7.terminology.r4"/><version value="6.5.0"/></dependsOn><dependsOn id="hl7ext"><extension url="http://hl7.org/fhir/tools/StructureDefinition/implementationguide-dependency-comment"><valueMarkdown value="Automatically added as a dependency - all IGs depend on the HL7 Extension Pack"/></extension><uri value="http://hl7.org/fhir/extensions/ImplementationGuide/hl7.fhir.uv.extensions"/><packageId value="hl7.fhir.uv.extensions.r4"/><version value="5.2.0"/></dependsOn><definition><extension url="http://hl7.org/fhir/tools/StructureDefinition/ig-parameter"><extension url="code"><valueString value="copyrightyear"/></extension><extension url="value"><valueString value="2025+"/></extension></extension><extension url="http://hl7.org/fhir/tools/StructureDefinition/ig-parameter"><extension url="code"><valueString value="releaselabel"/></extension><extension url="value"><valueString value="ci-build"/></extension></extension><extension url="http://hl7.org/fhir/tools/StructureDefinition/ig-parameter"><extension url="code"><valueString value="autoload-resources"/></extension><extension url="value"><valueString value="true"/></extension></extension><extension url="http://hl7.org/fhir/tools/StructureDefinition/ig-parameter"><extension url="code"><valueString value="path-liquid"/></extension><extension url="value"><valueString value="template/liquid"/></extension></extension><extension url="http://hl7.org/fhir/tools/StructureDefinition/ig-parameter"><extension url="code"><valueString value="path-liquid"/></extension><extension url="value"><valueString value="input/liquid"/></extension></extension><extension url="http://hl7.org/fhir/tools/StructureDefinition/ig-parameter"><extension url="code"><valueString value="path-qa"/></extension><extension url="value"><valueString value="temp/qa"/></extension></extension><extension url="http://hl7.org/fhir/tools/StructureDefinition/ig-parameter"><extension url="code"><valueString value="path-temp"/></extension><extension url="value"><valueString value="temp/pages"/></extension></extension><extension url="http://hl7.org/fhir/tools/StructureDefinition/ig-parameter"><extension url="code"><valueString value="path-output"/></extension><extension url="value"><valueString value="output"/></extension></extension><extension url="http://hl7.org/fhir/tools/StructureDefinition/ig-parameter"><extension url="code"><valueString value="path-suppressed-warnings"/></extension><extension url="value"><valueString value="input/ignoreWarnings.txt"/></extension></extension><extension url="http://hl7.org/fhir/tools/StructureDefinition/ig-parameter"><extension url="code"><valueString value="path-history"/></extension><extension url="value"><valueString value="https://dhin.org/2025Connectathon/history.html"/></extension></extension><extension url="http://hl7.org/fhir/tools/StructureDefinition/ig-parameter"><extension url="code"><valueString value="template-html"/></extension><extension url="value"><valueString value="template-page.html"/></extension></extension><extension url="http://hl7.org/fhir/tools/StructureDefinition/ig-parameter"><extension url="code"><valueString value="template-md"/></extension><extension url="value"><valueString value="template-page-md.html"/></extension></extension><extension url="http://hl7.org/fhir/tools/StructureDefinition/ig-parameter"><extension url="code"><valueString value="apply-contact"/></extension><extension url="value"><valueString value="true"/></extension></extension><extension url="http://hl7.org/fhir/tools/StructureDefinition/ig-parameter"><extension url="code"><valueString value="apply-context"/></extension><extension url="value"><valueString value="true"/></extension></extension><extension url="http://hl7.org/fhir/tools/StructureDefinition/ig-parameter"><extension url="code"><valueString value="apply-copyright"/></extension><extension url="value"><valueString value="true"/></extension></extension><extension url="http://hl7.org/fhir/tools/StructureDefinition/ig-parameter"><extension url="code"><valueString value="apply-jurisdiction"/></extension><extension url="value"><valueString value="true"/></extension></extension><extension url="http://hl7.org/fhir/tools/StructureDefinition/ig-parameter"><extension url="code"><valueString value="apply-license"/></extension><extension url="value"><valueString value="true"/></extension></extension><extension url="http://hl7.org/fhir/tools/StructureDefinition/ig-parameter"><extension url="code"><valueString value="apply-publisher"/></extension><extension url="value"><valueString value="true"/></extension></extension><extension url="http://hl7.org/fhir/tools/StructureDefinition/ig-parameter"><extension url="code"><valueString value="apply-version"/></extension><extension url="value"><valueString value="true"/></extension></extension><extension url="http://hl7.org/fhir/tools/StructureDefinition/ig-parameter"><extension url="code"><valueString value="apply-wg"/></extension><extension url="value"><valueString value="true"/></extension></extension><extension url="http://hl7.org/fhir/tools/StructureDefinition/ig-parameter"><extension url="code"><valueString value="active-tables"/></extension><extension url="value"><valueString value="true"/></extension></extension><extension url="http://hl7.org/fhir/tools/StructureDefinition/ig-parameter"><extension url="code"><valueString value="fmm-definition"/></extension><extension url="value"><valueString value="http://hl7.org/fhir/versions.html#maturity"/></extension></extension><extension url="http://hl7.org/fhir/tools/StructureDefinition/ig-parameter"><extension url="code"><valueString value="propagate-status"/></extension><extension url="value"><valueString value="true"/></extension></extension><extension url="http://hl7.org/fhir/tools/StructureDefinition/ig-parameter"><extension url="code"><valueString value="excludelogbinaryformat"/></extension><extension url="value"><valueString value="true"/></extension></extension><extension url="http://hl7.org/fhir/tools/StructureDefinition/ig-parameter"><extension url="code"><valueString value="tabbed-snapshots"/></extension><extension url="value"><valueString value="true"/></extension></extension><extension url="http://hl7.org/fhir/tools/StructureDefinition/ig-internal-dependency"><valueCode value="hl7.fhir.uv.tools.r4#0.7.1"/></extension><extension url="http://hl7.org/fhir/tools/StructureDefinition/ig-parameter"><extension url="code"><valueCode value="copyrightyear"/></extension><extension url="value"><valueString value="2025+"/></extension></extension><extension url="http://hl7.org/fhir/tools/StructureDefinition/ig-parameter"><extension url="code"><valueCode value="releaselabel"/></extension><extension url="value"><valueString value="ci-build"/></extension></extension><extension url="http://hl7.org/fhir/tools/StructureDefinition/ig-parameter"><extension url="code"><valueCode value="autoload-resources"/></extension><extension url="value"><valueString value="true"/></extension></extension><extension url="http://hl7.org/fhir/tools/StructureDefinition/ig-parameter"><extension url="code"><valueCode value="path-liquid"/></extension><extension url="value"><valueString value="template/liquid"/></extension></extension><extension url="http://hl7.org/fhir/tools/StructureDefinition/ig-parameter"><extension url="code"><valueCode value="path-liquid"/></extension><extension url="value"><valueString value="input/liquid"/></extension></extension><extension url="http://hl7.org/fhir/tools/StructureDefinition/ig-parameter"><extension url="code"><valueCode value="path-qa"/></extension><extension url="value"><valueString value="temp/qa"/></extension></extension><extension url="http://hl7.org/fhir/tools/StructureDefinition/ig-parameter"><extension url="code"><valueCode value="path-temp"/></extension><extension url="value"><valueString value="temp/pages"/></extension></extension><extension url="http://hl7.org/fhir/tools/StructureDefinition/ig-parameter"><extension url="code"><valueCode value="path-output"/></extension><extension url="value"><valueString value="output"/></extension></extension><extension url="http://hl7.org/fhir/tools/StructureDefinition/ig-parameter"><extension url="code"><valueCode value="path-suppressed-warnings"/></extension><extension url="value"><valueString value="input/ignoreWarnings.txt"/></extension></extension><extension url="http://hl7.org/fhir/tools/StructureDefinition/ig-parameter"><extension url="code"><valueCode value="path-history"/></extension><extension url="value"><valueString value="https://dhin.org/2025Connectathon/history.html"/></extension></extension><extension url="http://hl7.org/fhir/tools/StructureDefinition/ig-parameter"><extension url="code"><valueCode value="template-html"/></extension><extension url="value"><valueString value="template-page.html"/></extension></extension><extension url="http://hl7.org/fhir/tools/StructureDefinition/ig-parameter"><extension url="code"><valueCode value="template-md"/></extension><extension url="value"><valueString value="template-page-md.html"/></extension></extension><extension url="http://hl7.org/fhir/tools/StructureDefinition/ig-parameter"><extension url="code"><valueCode value="apply-contact"/></extension><extension url="value"><valueString value="true"/></extension></extension><extension url="http://hl7.org/fhir/tools/StructureDefinition/ig-parameter"><extension url="code"><valueCode value="apply-context"/></extension><extension url="value"><valueString value="true"/></extension></extension><extension url="http://hl7.org/fhir/tools/StructureDefinition/ig-parameter"><extension url="code"><valueCode value="apply-copyright"/></extension><extension url="value"><valueString value="true"/></extension></extension><extension url="http://hl7.org/fhir/tools/StructureDefinition/ig-parameter"><extension url="code"><valueCode value="apply-jurisdiction"/></extension><extension url="value"><valueString value="true"/></extension></extension><extension url="http://hl7.org/fhir/tools/StructureDefinition/ig-parameter"><extension url="code"><valueCode value="apply-license"/></extension><extension url="value"><valueString value="true"/></extension></extension><extension url="http://hl7.org/fhir/tools/StructureDefinition/ig-parameter"><extension url="code"><valueCode value="apply-publisher"/></extension><extension url="value"><valueString value="true"/></extension></extension><extension url="http://hl7.org/fhir/tools/StructureDefinition/ig-parameter"><extension url="code"><valueCode value="apply-version"/></extension><extension url="value"><valueString value="true"/></extension></extension><extension url="http://hl7.org/fhir/tools/StructureDefinition/ig-parameter"><extension url="code"><valueCode value="apply-wg"/></extension><extension url="value"><valueString value="true"/></extension></extension><extension url="http://hl7.org/fhir/tools/StructureDefinition/ig-parameter"><extension url="code"><valueCode value="active-tables"/></extension><extension url="value"><valueString value="true"/></extension></extension><extension url="http://hl7.org/fhir/tools/StructureDefinition/ig-parameter"><extension url="code"><valueCode value="fmm-definition"/></extension><extension url="value"><valueString value="http://hl7.org/fhir/versions.html#maturity"/></extension></extension><extension url="http://hl7.org/fhir/tools/StructureDefinition/ig-parameter"><extension url="code"><valueCode value="propagate-status"/></extension><extension url="value"><valueString value="true"/></extension></extension><extension url="http://hl7.org/fhir/tools/StructureDefinition/ig-parameter"><extension url="code"><valueCode value="excludelogbinaryformat"/></extension><extension url="value"><valueString value="true"/></extension></extension><extension url="http://hl7.org/fhir/tools/StructureDefinition/ig-parameter"><extension url="code"><valueCode value="tabbed-snapshots"/></extension><extension url="value"><valueString value="true"/></extension></extension><extension url="http://hl7.org/fhir/tools/StructureDefinition/ig-parameter"><extension url="code"><valueCode value="copyrightyear"/></extension><extension url="value"><valueString value="2025+"/></extension></extension><extension url="http://hl7.org/fhir/tools/StructureDefinition/ig-parameter"><extension url="code"><valueCode value="releaselabel"/></extension><extension url="value"><valueString value="ci-build"/></extension></extension><extension url="http://hl7.org/fhir/tools/StructureDefinition/ig-parameter"><extension url="code"><valueCode value="autoload-resources"/></extension><extension url="value"><valueString value="true"/></extension></extension><extension url="http://hl7.org/fhir/tools/StructureDefinition/ig-parameter"><extension url="code"><valueCode value="path-liquid"/></extension><extension url="value"><valueString value="template/liquid"/></extension></extension><extension url="http://hl7.org/fhir/tools/StructureDefinition/ig-parameter"><extension url="code"><valueCode value="path-liquid"/></extension><extension url="value"><valueString value="input/liquid"/></extension></extension><extension url="http://hl7.org/fhir/tools/StructureDefinition/ig-parameter"><extension url="code"><valueCode value="path-qa"/></extension><extension url="value"><valueString value="temp/qa"/></extension></extension><extension url="http://hl7.org/fhir/tools/StructureDefinition/ig-parameter"><extension url="code"><valueCode value="path-temp"/></extension><extension url="value"><valueString value="temp/pages"/></extension></extension><extension url="http://hl7.org/fhir/tools/StructureDefinition/ig-parameter"><extension url="code"><valueCode value="path-output"/></extension><extension url="value"><valueString value="output"/></extension></extension><extension url="http://hl7.org/fhir/tools/StructureDefinition/ig-parameter"><extension url="code"><valueCode value="path-suppressed-warnings"/></extension><extension url="value"><valueString value="input/ignoreWarnings.txt"/></extension></extension><extension url="http://hl7.org/fhir/tools/StructureDefinition/ig-parameter"><extension url="code"><valueCode value="path-history"/></extension><extension url="value"><valueString value="https://dhin.org/2025Connectathon/history.html"/></extension></extension><extension url="http://hl7.org/fhir/tools/StructureDefinition/ig-parameter"><extension url="code"><valueCode value="template-html"/></extension><extension url="value"><valueString value="template-page.html"/></extension></extension><extension url="http://hl7.org/fhir/tools/StructureDefinition/ig-parameter"><extension url="code"><valueCode value="template-md"/></extension><extension url="value"><valueString value="template-page-md.html"/></extension></extension><extension url="http://hl7.org/fhir/tools/StructureDefinition/ig-parameter"><extension url="code"><valueCode value="apply-contact"/></extension><extension url="value"><valueString value="true"/></extension></extension><extension url="http://hl7.org/fhir/tools/StructureDefinition/ig-parameter"><extension url="code"><valueCode value="apply-context"/></extension><extension url="value"><valueString value="true"/></extension></extension><extension url="http://hl7.org/fhir/tools/StructureDefinition/ig-parameter"><extension url="code"><valueCode value="apply-copyright"/></extension><extension url="value"><valueString value="true"/></extension></extension><extension url="http://hl7.org/fhir/tools/StructureDefinition/ig-parameter"><extension url="code"><valueCode value="apply-jurisdiction"/></extension><extension url="value"><valueString value="true"/></extension></extension><extension url="http://hl7.org/fhir/tools/StructureDefinition/ig-parameter"><extension url="code"><valueCode value="apply-license"/></extension><extension url="value"><valueString value="true"/></extension></extension><extension url="http://hl7.org/fhir/tools/StructureDefinition/ig-parameter"><extension url="code"><valueCode value="apply-publisher"/></extension><extension url="value"><valueString value="true"/></extension></extension><extension url="http://hl7.org/fhir/tools/StructureDefinition/ig-parameter"><extension url="code"><valueCode value="apply-version"/></extension><extension url="value"><valueString value="true"/></extension></extension><extension url="http://hl7.org/fhir/tools/StructureDefinition/ig-parameter"><extension url="code"><valueCode value="apply-wg"/></extension><extension url="value"><valueString value="true"/></extension></extension><extension url="http://hl7.org/fhir/tools/StructureDefinition/ig-parameter"><extension url="code"><valueCode value="active-tables"/></extension><extension url="value"><valueString value="true"/></extension></extension><extension url="http://hl7.org/fhir/tools/StructureDefinition/ig-parameter"><extension url="code"><valueCode value="fmm-definition"/></extension><extension url="value"><valueString value="http://hl7.org/fhir/versions.html#maturity"/></extension></extension><extension url="http://hl7.org/fhir/tools/StructureDefinition/ig-parameter"><extension url="code"><valueCode value="propagate-status"/></extension><extension url="value"><valueString value="true"/></extension></extension><extension url="http://hl7.org/fhir/tools/StructureDefinition/ig-parameter"><extension url="code"><valueCode value="excludelogbinaryformat"/></extension><extension url="value"><valueString value="true"/></extension></extension><extension url="http://hl7.org/fhir/tools/StructureDefinition/ig-parameter"><extension url="code"><valueCode value="tabbed-snapshots"/></extension><extension url="value"><valueString value="true"/></extension></extension><grouping id="-str-profile"><name value="Structures: Resource Profiles"/><description value="These define constraints on FHIR resources for systems conforming to this implementation guide."/></grouping><grouping id="-str-datatype"><name value="Structures: Data Type Profiles"/><description value="These define constraints on FHIR data types for systems conforming to this implementation guide."/></grouping><grouping id="-term-valueset"><name value="Terminology: Value Sets"/><description value="These define sets of codes used by systems conforming to this implementation guide."/></grouping><grouping id="-term-codesystem"><name value="Terminology: Code Systems"/><description value="These define new code systems used by systems conforming to this implementation guide."/></grouping><grouping id="-ex-example"><name value="Example: Example Instances"/><description value="These are example instances that show what data produced and consumed by systems conforming with this implementation guide might look like."/></grouping><resource><extension url="http://hl7.org/fhir/tools/StructureDefinition/resource-sort"><valueInteger value="999999999"/></extension><extension url="http://hl7.org/fhir/StructureDefinition/implementationguide-page"><valueUri value="StructureDefinition-ng-coverage-enquiry-bundle.html"/></extension><reference><reference value="StructureDefinition/ng-coverage-enquiry-bundle"/></reference><name value="1-NG Bundle Coverage Enquiry"/><description value="A FHIR bundle used by a patient or provider to inquire about health insurance coverage from a payer or insurer."/><exampleBoolean value="false"/><groupingId value="-str-profile"/></resource><resource><extension url="http://hl7.org/fhir/tools/StructureDefinition/resource-sort"><valueInteger value="999999999"/></extension><extension url="http://hl7.org/fhir/StructureDefinition/implementationguide-page"><valueUri value="StructureDefinition-ng-dispense-notification-bundle.html"/></extension><reference><reference value="StructureDefinition/ng-dispense-notification-bundle"/></reference><name value="2-NG Bundle Dispense Notification"/><description value="A FHIR bundle used by a pharmacy to notify the prescriber or health authority of a medication dispense event."/><exampleBoolean value="false"/><groupingId value="-str-profile"/></resource><resource><extension url="http://hl7.org/fhir/tools/StructureDefinition/resource-sort"><valueInteger value="999999999"/></extension><extension url="http://hl7.org/fhir/StructureDefinition/implementationguide-page"><valueUri value="StructureDefinition-ng-prescription-bundle.html"/></extension><reference><reference value="StructureDefinition/ng-prescription-bundle"/></reference><name value="3-NG Bundle Prescription"/><description value="A FHIR bundle for sharing an electronic prescription between a prescriber and a pharmacy."/><exampleBoolean value="false"/><groupingId value="-str-profile"/></resource><resource><extension url="http://hl7.org/fhir/tools/StructureDefinition/resource-sort"><valueInteger value="999999999"/></extension><extension url="http://hl7.org/fhir/StructureDefinition/implementationguide-page"><valueUri value="StructureDefinition-ng-audit-event.html"/></extension><reference><reference value="StructureDefinition/ng-audit-event"/></reference><name value="NG AuditEvent"/><description value="A profile for logging access and interactions with health data in Nigeria, such as prescriptions or patient records."/><exampleBoolean value="false"/><groupingId value="-str-profile"/></resource><resource><extension url="http://hl7.org/fhir/tools/StructureDefinition/resource-sort"><valueInteger value="999999999"/></extension><extension url="http://hl7.org/fhir/StructureDefinition/implementationguide-page"><valueUri value="StructureDefinition-ng-communication.html"/></extension><reference><reference value="StructureDefinition/ng-communication"/></reference><name value="NG Communication"/><description value="A profile for recording formal communication exchanges such as notifications, clarifications, or feedback in health service delivery."/><exampleBoolean value="false"/><groupingId value="-str-profile"/></resource><resource><extension url="http://hl7.org/fhir/tools/StructureDefinition/resource-sort"><valueInteger value="999999999"/></extension><extension url="http://hl7.org/fhir/StructureDefinition/implementationguide-page"><valueUri value="StructureDefinition-ng-condition.html"/></extension><reference><reference value="StructureDefinition/ng-condition"/></reference><name value="NG Condition"/><description value="A profile representing the diagnosis or reason for prescribing medication in Nigeria."/><exampleBoolean value="false"/><groupingId value="-str-profile"/></resource><resource><extension url="http://hl7.org/fhir/tools/StructureDefinition/resource-sort"><valueInteger value="999999999"/></extension><extension url="http://hl7.org/fhir/StructureDefinition/implementationguide-page"><valueUri value="StructureDefinition-ng-document-reference.html"/></extension><reference><reference value="StructureDefinition/ng-document-reference"/></reference><name value="NG DocumentReference"/><description value="A profile for referencing external or internal documents such as lab reports, discharge summaries, prescriptions, or scanned forms."/><exampleBoolean value="false"/><groupingId value="-str-profile"/></resource><resource><extension url="http://hl7.org/fhir/tools/StructureDefinition/resource-sort"><valueInteger value="999999999"/></extension><extension url="http://hl7.org/fhir/StructureDefinition/implementationguide-page"><valueUri value="StructureDefinition-ng-prescription-encounter.html"/></extension><reference><reference value="StructureDefinition/ng-prescription-encounter"/></reference><name value="NG Encounter"/><description value="A profile representing patient encounters related to ePrescription."/><exampleBoolean value="false"/><groupingId value="-str-profile"/></resource><resource><extension url="http://hl7.org/fhir/tools/StructureDefinition/resource-sort"><valueInteger value="999999999"/></extension><extension url="http://hl7.org/fhir/StructureDefinition/implementationguide-page"><valueUri value="StructureDefinition-ng-location.html"/></extension><reference><reference value="StructureDefinition/ng-location"/></reference><name value="NG Location"/><description value="A profile representing facility locations such as pharmacies, wards, or service points in Nigeria."/><exampleBoolean value="false"/><groupingId value="-str-profile"/></resource><resource><extension url="http://hl7.org/fhir/tools/StructureDefinition/resource-sort"><valueInteger value="999999999"/></extension><extension url="http://hl7.org/fhir/StructureDefinition/implementationguide-page"><valueUri value="StructureDefinition-ng-medication.html"/></extension><reference><reference value="StructureDefinition/ng-medication"/></reference><name value="NG Medication"/><description value="A profile for medications prescribed and dispensed in Nigeria."/><exampleBoolean value="false"/><groupingId value="-str-profile"/></resource><resource><extension url="http://hl7.org/fhir/tools/StructureDefinition/resource-sort"><valueInteger value="999999999"/></extension><extension url="http://hl7.org/fhir/StructureDefinition/implementationguide-page"><valueUri value="StructureDefinition-ng-medication-dispense.html"/></extension><reference><reference value="StructureDefinition/ng-medication-dispense"/></reference><name value="NG MedicationDispense"/><description value="A profile for recording dispensation of prescribed medications by a pharmacy in Nigeria."/><exampleBoolean value="false"/><groupingId value="-str-profile"/></resource><resource><extension url="http://hl7.org/fhir/tools/StructureDefinition/resource-sort"><valueInteger value="999999999"/></extension><extension url="http://hl7.org/fhir/StructureDefinition/implementationguide-page"><valueUri value="StructureDefinition-ng-medication-request.html"/></extension><reference><reference value="StructureDefinition/ng-medication-request"/></reference><name value="NG MedicationRequest"/><description value="A profile for electronic prescriptions issued by Nigerian healthcare providers."/><exampleBoolean value="false"/><groupingId value="-str-profile"/></resource><resource><extension url="http://hl7.org/fhir/tools/StructureDefinition/resource-sort"><valueInteger value="999999999"/></extension><extension url="http://hl7.org/fhir/StructureDefinition/implementationguide-page"><valueUri value="StructureDefinition-ng-imm-organization.html"/></extension><reference><reference value="StructureDefinition/ng-imm-organization"/></reference><name value="NG Organization"/><description value="An organization profile representing healthcare facilities responsible for health services or other types of organizations."/><exampleBoolean value="false"/><groupingId value="-str-profile"/></resource><resource><extension url="http://hl7.org/fhir/tools/StructureDefinition/resource-sort"><valueInteger value="999999999"/></extension><extension url="http://hl7.org/fhir/StructureDefinition/implementationguide-page"><valueUri value="StructureDefinition-NgPatient.html"/></extension><reference><reference value="StructureDefinition/NgPatient"/></reference><name value="NG Patient"/><description value="Nigeria Patient Profile"/><exampleBoolean value="false"/><groupingId value="-str-profile"/></resource><resource><extension url="http://hl7.org/fhir/tools/StructureDefinition/resource-sort"><valueInteger value="999999999"/></extension><extension url="http://hl7.org/fhir/StructureDefinition/implementationguide-page"><valueUri value="StructureDefinition-NgPractitioner.html"/></extension><reference><reference value="StructureDefinition/NgPractitioner"/></reference><name value="NG Practitioner"/><description value="Profile for a Nigerian Practitioner"/><exampleBoolean value="false"/><groupingId value="-str-profile"/></resource><resource><extension url="http://hl7.org/fhir/tools/StructureDefinition/resource-sort"><valueInteger value="999999999"/></extension><extension url="http://hl7.org/fhir/StructureDefinition/implementationguide-page"><valueUri value="StructureDefinition-ng-practitionerrole.html"/></extension><reference><reference value="StructureDefinition/ng-practitionerrole"/></reference><name value="NG PractitionerRole"/><description value="A profile for defining the role of a practitioner within an organization."/><exampleBoolean value="false"/><groupingId value="-str-profile"/></resource><resource><extension url="http://hl7.org/fhir/tools/StructureDefinition/resource-sort"><valueInteger value="999999999"/></extension><extension url="http://hl7.org/fhir/StructureDefinition/implementationguide-page"><valueUri value="StructureDefinition-ng-provenance.html"/></extension><reference><reference value="StructureDefinition/ng-provenance"/></reference><name value="NG Provenance"/><description value="A profile for capturing metadata about creation or modification of health data in Nigeria, especially for audit and signature purposes."/><exampleBoolean value="false"/><groupingId value="-str-profile"/></resource><resource><extension url="http://hl7.org/fhir/tools/StructureDefinition/resource-sort"><valueInteger value="999999999"/></extension><extension url="http://hl7.org/fhir/StructureDefinition/implementationguide-page"><valueUri value="StructureDefinition-ng-claim-task.html"/></extension><reference><reference value="StructureDefinition/ng-claim-task"/></reference><name value="NG Task"/><description value="A profile for workflow and task management in ePrescription processing."/><exampleBoolean value="false"/><groupingId value="-str-profile"/></resource><resource><extension url="http://hl7.org/fhir/tools/StructureDefinition/resource-sort"><valueInteger value="999999999"/></extension><extension url="http://hl7.org/fhir/StructureDefinition/implementationguide-page"><valueUri value="StructureDefinition-ng-claim-coverage.html"/></extension><reference><reference value="StructureDefinition/ng-claim-coverage"/></reference><name value="NG-Claim Coverage"/><description value="A profile capturing a patient's insurance coverage details."/><exampleBoolean value="false"/><groupingId value="-str-profile"/></resource><resource><extension url="http://hl7.org/fhir/tools/StructureDefinition/resource-sort"><valueInteger value="999999999"/></extension><extension url="http://hl7.org/fhir/StructureDefinition/implementationguide-page"><valueUri value="StructureDefinition-ng-eligibility-request.html"/></extension><reference><reference value="StructureDefinition/ng-eligibility-request"/></reference><name value="NG-CoverageEligibilityRequest"/><description value="A profile for checking patient's eligibility for insurance services."/><exampleBoolean value="false"/><groupingId value="-str-profile"/></resource><resource><extension url="http://hl7.org/fhir/tools/StructureDefinition/resource-sort"><valueInteger value="999999999"/></extension><extension url="http://hl7.org/fhir/StructureDefinition/implementationguide-page"><valueUri value="StructureDefinition-ng-dosage.html"/></extension><reference><reference value="StructureDefinition/ng-dosage"/></reference><name value="NG Dosage"/><description value="A profile for dosage instructions in ePrescriptions."/><exampleBoolean value="false"/><groupingId value="-str-datatype"/></resource><resource><extension url="http://hl7.org/fhir/tools/StructureDefinition/resource-sort"><valueInteger value="999999999"/></extension><extension url="http://hl7.org/fhir/StructureDefinition/implementationguide-page"><valueUri value="ValueSet-nigeria-gender.html"/></extension><reference><reference value="ValueSet/nigeria-gender"/></reference><name value="NG-Imm Gender or Sex VS"/><description value="Subset of HL7 administrative-gender limited to 'male' and 'female'."/><exampleBoolean value="false"/><groupingId value="-term-valueset"/></resource><resource><extension url="http://hl7.org/fhir/tools/StructureDefinition/resource-sort"><valueInteger value="999999999"/></extension><extension url="http://hl7.org/fhir/StructureDefinition/implementationguide-page"><valueUri value="ValueSet-nigeria-facility-types.html"/></extension><reference><reference value="ValueSet/nigeria-facility-types"/></reference><name value="NG-Imm HealthFacility Type VS"/><description value="Classification of Nigerian health facilities"/><exampleBoolean value="false"/><groupingId value="-term-valueset"/></resource><resource><extension url="http://hl7.org/fhir/tools/StructureDefinition/resource-sort"><valueInteger value="999999999"/></extension><extension url="http://hl7.org/fhir/StructureDefinition/implementationguide-page"><valueUri value="ValueSet-nigeria-lgas.html"/></extension><reference><reference value="ValueSet/nigeria-lgas"/></reference><name value="NG-Imm LGAs VS"/><description value="The administrative Local Government Areas where a person or a facility is."/><exampleBoolean value="false"/><groupingId value="-term-valueset"/></resource><resource><extension url="http://hl7.org/fhir/tools/StructureDefinition/resource-sort"><valueInteger value="999999999"/></extension><extension url="http://hl7.org/fhir/StructureDefinition/implementationguide-page"><valueUri value="ValueSet-nigeria-languages.html"/></extension><reference><reference value="ValueSet/nigeria-languages"/></reference><name value="NG-Imm Languages VS"/><description value="The Patient's preferred language for communication."/><exampleBoolean value="false"/><groupingId value="-term-valueset"/></resource><resource><extension url="http://hl7.org/fhir/tools/StructureDefinition/resource-sort"><valueInteger value="999999999"/></extension><extension url="http://hl7.org/fhir/StructureDefinition/implementationguide-page"><valueUri value="ValueSet-nigeria-location-owner.html"/></extension><reference><reference value="ValueSet/nigeria-location-owner"/></reference><name value="NG-Imm Location Owner"/><description value="The owner of an Immunization location"/><exampleBoolean value="false"/><groupingId value="-term-valueset"/></resource><resource><extension url="http://hl7.org/fhir/tools/StructureDefinition/resource-sort"><valueInteger value="999999999"/></extension><extension url="http://hl7.org/fhir/StructureDefinition/implementationguide-page"><valueUri value="ValueSet-nigeria-states.html"/></extension><reference><reference value="ValueSet/nigeria-states"/></reference><name value="NG-Imm States VS"/><description value="The state where a person or a facility is."/><exampleBoolean value="false"/><groupingId value="-term-valueset"/></resource><resource><extension url="http://hl7.org/fhir/tools/StructureDefinition/resource-sort"><valueInteger value="999999999"/></extension><extension url="http://hl7.org/fhir/StructureDefinition/implementationguide-page"><valueUri value="ValueSet-nigeria-wards.html"/></extension><reference><reference value="ValueSet/nigeria-wards"/></reference><name value="NG-Imm Wards VS"/><description value="The administrative Ward (within an LGA) where a person or a facility is."/><exampleBoolean value="false"/><groupingId value="-term-valueset"/></resource><resource><extension url="http://hl7.org/fhir/tools/StructureDefinition/resource-sort"><valueInteger value="999999999"/></extension><extension url="http://hl7.org/fhir/StructureDefinition/implementationguide-page"><valueUri value="CodeSystem-nigeria-wards.html"/></extension><reference><reference value="CodeSystem/nigeria-wards"/></reference><name value="NG-Imm Administrative Wards CS"/><description value="This CodeSystem defines ward codes and names mapped to their respective Local Government Areas (LGAs) in Nigeria."/><exampleBoolean value="false"/><groupingId value="-term-codesystem"/></resource><resource><extension url="http://hl7.org/fhir/tools/StructureDefinition/resource-sort"><valueInteger value="999999999"/></extension><extension url="http://hl7.org/fhir/StructureDefinition/implementationguide-page"><valueUri value="CodeSystem-nigeria-facility-type.html"/></extension><reference><reference value="CodeSystem/nigeria-facility-type"/></reference><name value="NG-Imm Facility Type CS"/><description value="A standardized classification system used to describe the type or level of health facility within a healthcare delivery system, based on the scope of services provided, staffing, infrastructure, and administrative role."/><exampleBoolean value="false"/><groupingId value="-term-codesystem"/></resource><resource><extension url="http://hl7.org/fhir/tools/StructureDefinition/resource-sort"><valueInteger value="999999999"/></extension><extension url="http://hl7.org/fhir/StructureDefinition/implementationguide-page"><valueUri value="CodeSystem-nigeria-gender.html"/></extension><reference><reference value="CodeSystem/nigeria-gender"/></reference><name value="NG-Imm Gender CS"/><description value="The administrative gender of a person."/><exampleBoolean value="false"/><groupingId value="-term-codesystem"/></resource><resource><extension url="http://hl7.org/fhir/tools/StructureDefinition/resource-sort"><valueInteger value="999999999"/></extension><extension url="http://hl7.org/fhir/StructureDefinition/implementationguide-page"><valueUri value="CodeSystem-nigeria-lgas.html"/></extension><reference><reference value="CodeSystem/nigeria-lgas"/></reference><name value="NG-Imm LGAs in Nigeria CS"/><description value="This CodeSystem defines LGA codes and names mapped to their respective States in Nigeria."/><exampleBoolean value="false"/><groupingId value="-term-codesystem"/></resource><resource><extension url="http://hl7.org/fhir/tools/StructureDefinition/resource-sort"><valueInteger value="999999999"/></extension><extension url="http://hl7.org/fhir/StructureDefinition/implementationguide-page"><valueUri value="CodeSystem-nigeria-location-owner-cs.html"/></extension><reference><reference value="CodeSystem/nigeria-location-owner-cs"/></reference><name value="NG-Imm Location Owner CS"/><description value="This CodeSystem defines Immunization Location Owner."/><exampleBoolean value="false"/><groupingId value="-term-codesystem"/></resource><resource><extension url="http://hl7.org/fhir/tools/StructureDefinition/resource-sort"><valueInteger value="999999999"/></extension><extension url="http://hl7.org/fhir/StructureDefinition/implementationguide-page"><valueUri value="CodeSystem-nigeria-states.html"/></extension><reference><reference value="CodeSystem/nigeria-states"/></reference><name value="NG-Imm States in Nigeria CS"/><description value="This CodeSystem defines ward codes and names mapped to their respective States in Nigeria."/><exampleBoolean value="false"/><groupingId value="-term-codesystem"/></resource><resource><extension url="http://hl7.org/fhir/tools/StructureDefinition/resource-sort"><valueInteger value="999999999"/></extension><extension url="http://hl7.org/fhir/StructureDefinition/implementationguide-page"><valueUri value="CodeSystem-nigeria-languages.html"/></extension><reference><reference value="CodeSystem/nigeria-languages"/></reference><name value="NG‑Imm Languages in Nigeria CS"/><description value="This CodeSystem defines codes for major languages spoken across Nigeria."/><exampleBoolean value="false"/><groupingId value="-term-codesystem"/></resource><resource><extension url="http://hl7.org/fhir/tools/StructureDefinition/resource-sort"><valueInteger value="999999999"/></extension><extension url="http://hl7.org/fhir/StructureDefinition/implementationguide-page"><valueUri value="Medication-medication-001.html"/></extension><reference><reference value="Medication/medication-001"/></reference><name value="Example: Amoxicillin 250mg Capsule"/><description value="An example medication definition for Amoxicillin."/><exampleCanonical value="https://dhin.org/2025Connectathon/StructureDefinition/ng-medication"/><groupingId value="-ex-example"/></resource><resource><extension url="http://hl7.org/fhir/tools/StructureDefinition/resource-sort"><valueInteger value="999999999"/></extension><extension url="http://hl7.org/fhir/StructureDefinition/implementationguide-page"><valueUri value="AuditEvent-audit-001.html"/></extension><reference><reference value="AuditEvent/audit-001"/></reference><name value="Example: AuditEvent for Prescription Access"/><description value="An example AuditEvent recording a practitioner viewing a prescription."/><exampleCanonical value="https://dhin.org/2025Connectathon/StructureDefinition/ng-audit-event"/><groupingId value="-ex-example"/></resource><resource><extension url="http://hl7.org/fhir/tools/StructureDefinition/resource-sort"><valueInteger value="999999999"/></extension><extension url="http://hl7.org/fhir/StructureDefinition/implementationguide-page"><valueUri value="Coverage-coverage-001.html"/></extension><reference><reference value="Coverage/coverage-001"/></reference><name value="Example: Claim Coverage"/><description value="An example of a patient's insurance coverage details."/><exampleCanonical value="https://dhin.org/2025Connectathon/StructureDefinition/ng-claim-coverage"/><groupingId value="-ex-example"/></resource><resource><extension url="http://hl7.org/fhir/tools/StructureDefinition/resource-sort"><valueInteger value="999999999"/></extension><extension url="http://hl7.org/fhir/StructureDefinition/implementationguide-page"><valueUri value="Communication-example-communication.html"/></extension><reference><reference value="Communication/example-communication"/></reference><name value="Example: Communication from Pharmacy to Prescriber"/><description value="An example communication sent from a pharmacist to a doctor requesting clarification on a prescription."/><exampleCanonical value="https://dhin.org/2025Connectathon/StructureDefinition/ng-communication"/><groupingId value="-ex-example"/></resource><resource><extension url="http://hl7.org/fhir/tools/StructureDefinition/resource-sort"><valueInteger value="999999999"/></extension><extension url="http://hl7.org/fhir/StructureDefinition/implementationguide-page"><valueUri value="Condition-condition-001.html"/></extension><reference><reference value="Condition/condition-001"/></reference><name value="Example: Condition for Prescription"/><description value="An example diagnosis of Otitis media related to a prescription."/><exampleCanonical value="https://dhin.org/2025Connectathon/StructureDefinition/ng-condition"/><groupingId value="-ex-example"/></resource><resource><extension url="http://hl7.org/fhir/tools/StructureDefinition/resource-sort"><valueInteger value="999999999"/></extension><extension url="http://hl7.org/fhir/StructureDefinition/implementationguide-page"><valueUri value="CoverageEligibilityRequest-eligibility-request-001.html"/></extension><reference><reference value="CoverageEligibilityRequest/eligibility-request-001"/></reference><name value="Example: Coverage Eligibility Request"/><description value="An example of a patient's request to check insurance service eligibility."/><exampleCanonical value="https://dhin.org/2025Connectathon/StructureDefinition/ng-eligibility-request"/><groupingId value="-ex-example"/></resource><resource><extension url="http://hl7.org/fhir/tools/StructureDefinition/resource-sort"><valueInteger value="999999999"/></extension><extension url="http://hl7.org/fhir/StructureDefinition/implementationguide-page"><valueUri value="Bundle-example-coverage-enquiry-bundle.html"/></extension><reference><reference value="Bundle/example-coverage-enquiry-bundle"/></reference><name value="Example: Coverage Enquiry Bundle"/><description value="An example bundle for checking a patient's insurance coverage status."/><exampleCanonical value="https://dhin.org/2025Connectathon/StructureDefinition/ng-coverage-enquiry-bundle"/><groupingId value="-ex-example"/></resource><resource><extension url="http://hl7.org/fhir/tools/StructureDefinition/resource-sort"><valueInteger value="999999999"/></extension><extension url="http://hl7.org/fhir/StructureDefinition/implementationguide-page"><valueUri value="Bundle-example-dispense-notification.html"/></extension><reference><reference value="Bundle/example-dispense-notification"/></reference><name value="Example: Dispense Notification"/><description value="An example bundle showing a pharmacy notifying a prescriber about a medication dispense event."/><exampleCanonical value="https://dhin.org/2025Connectathon/StructureDefinition/ng-dispense-notification-bundle"/><groupingId value="-ex-example"/></resource><resource><extension url="http://hl7.org/fhir/tools/StructureDefinition/resource-sort"><valueInteger value="999999999"/></extension><extension url="http://hl7.org/fhir/StructureDefinition/implementationguide-page"><valueUri value="MedicationDispense-dispense-001.html"/></extension><reference><reference value="MedicationDispense/dispense-001"/></reference><name value="Example: Medication Dispense"/><description value="An example of a pharmacist dispensing Amoxicillin 250mg."/><exampleCanonical value="https://dhin.org/2025Connectathon/StructureDefinition/ng-medication-dispense"/><groupingId value="-ex-example"/></resource><resource><extension url="http://hl7.org/fhir/tools/StructureDefinition/resource-sort"><valueInteger value="999999999"/></extension><extension url="http://hl7.org/fhir/StructureDefinition/implementationguide-page"><valueUri value="MedicationRequest-medicationrequest-001.html"/></extension><reference><reference value="MedicationRequest/medicationrequest-001"/></reference><name value="Example: MedicationRequest"/><description value="An example of an electronic prescription for Amoxicillin."/><exampleCanonical value="https://dhin.org/2025Connectathon/StructureDefinition/ng-medication-request"/><groupingId value="-ex-example"/></resource><resource><extension url="http://hl7.org/fhir/tools/StructureDefinition/resource-sort"><valueInteger value="999999999"/></extension><extension url="http://hl7.org/fhir/StructureDefinition/implementationguide-page"><valueUri value="Organization-organization-001.html"/></extension><reference><reference value="Organization/organization-001"/></reference><name value="Example: NG Organization"/><description value="An example of a healthcare facility organization."/><exampleCanonical value="https://dhin.org/2025Connectathon/StructureDefinition/ng-imm-organization"/><groupingId value="-ex-example"/></resource><resource><extension url="http://hl7.org/fhir/tools/StructureDefinition/resource-sort"><valueInteger value="999999999"/></extension><extension url="http://hl7.org/fhir/StructureDefinition/implementationguide-page"><valueUri value="Patient-patient-001.html"/></extension><reference><reference value="Patient/patient-001"/></reference><name value="Example: NG Patient"/><description value="An example instance of a Nigerian patient profile"/><exampleCanonical value="https://dhin.org/2025Connectathon/StructureDefinition/NgPatient"/><groupingId value="-ex-example"/></resource><resource><extension url="http://hl7.org/fhir/tools/StructureDefinition/resource-sort"><valueInteger value="999999999"/></extension><extension url="http://hl7.org/fhir/StructureDefinition/implementationguide-page"><valueUri value="Practitioner-practitioner-001.html"/></extension><reference><reference value="Practitioner/practitioner-001"/></reference><name value="Example: NG Practitioner"/><description value="An example of a Nigerian healthcare practitioner."/><exampleCanonical value="https://dhin.org/2025Connectathon/StructureDefinition/NgPractitioner"/><groupingId value="-ex-example"/></resource><resource><extension url="http://hl7.org/fhir/tools/StructureDefinition/resource-sort"><valueInteger value="999999999"/></extension><extension url="http://hl7.org/fhir/StructureDefinition/implementationguide-page"><valueUri value="PractitionerRole-practitioner-role-001.html"/></extension><reference><reference value="PractitionerRole/practitioner-role-001"/></reference><name value="Example: NG PractitionerRole"/><description value="An example defining the role of a practitioner within a Nigerian healthcare organization."/><exampleCanonical value="https://dhin.org/2025Connectathon/StructureDefinition/ng-practitionerrole"/><groupingId value="-ex-example"/></resource><resource><extension url="http://hl7.org/fhir/tools/StructureDefinition/resource-sort"><valueInteger value="999999999"/></extension><extension url="http://hl7.org/fhir/StructureDefinition/implementationguide-page"><valueUri value="Location-example-location.html"/></extension><reference><reference value="Location/example-location"/></reference><name value="Example: Pharmacy Location"/><description value="An example location representing a pharmacy branch."/><exampleCanonical value="https://dhin.org/2025Connectathon/StructureDefinition/ng-location"/><groupingId value="-ex-example"/></resource><resource><extension url="http://hl7.org/fhir/tools/StructureDefinition/resource-sort"><valueInteger value="999999999"/></extension><extension url="http://hl7.org/fhir/StructureDefinition/implementationguide-page"><valueUri value="Bundle-example-prescription-bundle.html"/></extension><reference><reference value="Bundle/example-prescription-bundle"/></reference><name value="Example: Prescription Bundle"/><description value="An example bundle for electronic prescription from prescriber to pharmacy."/><exampleCanonical value="https://dhin.org/2025Connectathon/StructureDefinition/ng-prescription-bundle"/><groupingId value="-ex-example"/></resource><resource><extension url="http://hl7.org/fhir/tools/StructureDefinition/resource-sort"><valueInteger value="999999999"/></extension><extension url="http://hl7.org/fhir/StructureDefinition/implementationguide-page"><valueUri value="Encounter-encounter-001.html"/></extension><reference><reference value="Encounter/encounter-001"/></reference><name value="Example: Prescription Encounter"/><description value="An example encounter related to an ePrescription event."/><exampleCanonical value="https://dhin.org/2025Connectathon/StructureDefinition/ng-prescription-encounter"/><groupingId value="-ex-example"/></resource><resource><extension url="http://hl7.org/fhir/tools/StructureDefinition/resource-sort"><valueInteger value="999999999"/></extension><extension url="http://hl7.org/fhir/StructureDefinition/implementationguide-page"><valueUri value="Provenance-provenance-001.html"/></extension><reference><reference value="Provenance/provenance-001"/></reference><name value="Example: Provenance of ePrescription"/><description value="An example of provenance capturing the author and timestamp of a prescription."/><exampleCanonical value="https://dhin.org/2025Connectathon/StructureDefinition/ng-provenance"/><groupingId value="-ex-example"/></resource><resource><extension url="http://hl7.org/fhir/tools/StructureDefinition/resource-sort"><valueInteger value="999999999"/></extension><extension url="http://hl7.org/fhir/StructureDefinition/implementationguide-page"><valueUri value="DocumentReference-example-document-reference.html"/></extension><reference><reference value="DocumentReference/example-document-reference"/></reference><name value="Example: Scanned Discharge Summary"/><description value="An example of a scanned discharge summary document reference."/><exampleCanonical value="https://dhin.org/2025Connectathon/StructureDefinition/ng-document-reference"/><groupingId value="-ex-example"/></resource><resource><extension url="http://hl7.org/fhir/tools/StructureDefinition/resource-sort"><valueInteger value="999999999"/></extension><extension url="http://hl7.org/fhir/StructureDefinition/implementationguide-page"><valueUri value="Task-example-claim-task.html"/></extension><reference><reference value="Task/example-claim-task"/></reference><name value="Example: Task for Dispensing Prescription"/><description value="A task representing the assignment to dispense a prescription in an ePrescription workflow."/><exampleCanonical value="https://dhin.org/2025Connectathon/StructureDefinition/ng-claim-task"/><groupingId value="-ex-example"/></resource><page><extension url="http://hl7.org/fhir/tools/StructureDefinition/ig-page-name"><valueUrl value="toc.html"/></extension><nameUrl value="toc.html"/><title value="Table of Contents"/><generation value="html"/><page><extension url="http://hl7.org/fhir/tools/StructureDefinition/ig-page-name"><valueUrl value="index.html"/></extension><nameUrl value="index.html"/><title value="Home"/><generation value="markdown"/></page><page><extension url="http://hl7.org/fhir/tools/StructureDefinition/ig-page-name"><valueUrl value="search-operation.html"/></extension><nameUrl value="search-operation.html"/><title value="Search and Operation"/><generation value="markdown"/></page><page><extension url="http://hl7.org/fhir/tools/StructureDefinition/ig-page-name"><valueUrl value="artifacts.html"/></extension><nameUrl value="artifacts.html"/><title value="Artifacts Summary"/><generation value="html"/><page><extension url="http://hl7.org/fhir/tools/StructureDefinition/ig-page-name"><valueUrl value="StructureDefinition-ng-coverage-enquiry-bundle.html"/></extension><nameUrl value="StructureDefinition-ng-coverage-enquiry-bundle.html"/><title value="1-NG Bundle Coverage Enquiry"/><generation value="generated"/></page><page><extension url="http://hl7.org/fhir/tools/StructureDefinition/ig-page-name"><valueUrl value="StructureDefinition-ng-dispense-notification-bundle.html"/></extension><nameUrl value="StructureDefinition-ng-dispense-notification-bundle.html"/><title value="2-NG Bundle Dispense Notification"/><generation value="generated"/></page><page><extension url="http://hl7.org/fhir/tools/StructureDefinition/ig-page-name"><valueUrl value="StructureDefinition-ng-prescription-bundle.html"/></extension><nameUrl value="StructureDefinition-ng-prescription-bundle.html"/><title value="3-NG Bundle Prescription"/><generation value="generated"/></page><page><extension url="http://hl7.org/fhir/tools/StructureDefinition/ig-page-name"><valueUrl value="StructureDefinition-ng-audit-event.html"/></extension><nameUrl value="StructureDefinition-ng-audit-event.html"/><title value="NG AuditEvent"/><generation value="generated"/></page><page><extension url="http://hl7.org/fhir/tools/StructureDefinition/ig-page-name"><valueUrl value="StructureDefinition-ng-communication.html"/></extension><nameUrl value="StructureDefinition-ng-communication.html"/><title value="NG Communication"/><generation value="generated"/></page><page><extension url="http://hl7.org/fhir/tools/StructureDefinition/ig-page-name"><valueUrl value="StructureDefinition-ng-condition.html"/></extension><nameUrl value="StructureDefinition-ng-condition.html"/><title value="NG Condition"/><generation value="generated"/></page><page><extension url="http://hl7.org/fhir/tools/StructureDefinition/ig-page-name"><valueUrl value="StructureDefinition-ng-document-reference.html"/></extension><nameUrl value="StructureDefinition-ng-document-reference.html"/><title value="NG DocumentReference"/><generation value="generated"/></page><page><extension url="http://hl7.org/fhir/tools/StructureDefinition/ig-page-name"><valueUrl value="StructureDefinition-ng-prescription-encounter.html"/></extension><nameUrl value="StructureDefinition-ng-prescription-encounter.html"/><title value="NG Encounter"/><generation value="generated"/></page><page><extension url="http://hl7.org/fhir/tools/StructureDefinition/ig-page-name"><valueUrl value="StructureDefinition-ng-location.html"/></extension><nameUrl value="StructureDefinition-ng-location.html"/><title value="NG Location"/><generation value="generated"/></page><page><extension url="http://hl7.org/fhir/tools/StructureDefinition/ig-page-name"><valueUrl value="StructureDefinition-ng-medication.html"/></extension><nameUrl value="StructureDefinition-ng-medication.html"/><title value="NG Medication"/><generation value="generated"/></page><page><extension url="http://hl7.org/fhir/tools/StructureDefinition/ig-page-name"><valueUrl value="StructureDefinition-ng-medication-dispense.html"/></extension><nameUrl value="StructureDefinition-ng-medication-dispense.html"/><title value="NG MedicationDispense"/><generation value="generated"/></page><page><extension url="http://hl7.org/fhir/tools/StructureDefinition/ig-page-name"><valueUrl value="StructureDefinition-ng-medication-request.html"/></extension><nameUrl value="StructureDefinition-ng-medication-request.html"/><title value="NG MedicationRequest"/><generation value="generated"/></page><page><extension url="http://hl7.org/fhir/tools/StructureDefinition/ig-page-name"><valueUrl value="StructureDefinition-ng-imm-organization.html"/></extension><nameUrl value="StructureDefinition-ng-imm-organization.html"/><title value="NG Organization"/><generation value="generated"/></page><page><extension url="http://hl7.org/fhir/tools/StructureDefinition/ig-page-name"><valueUrl value="StructureDefinition-NgPatient.html"/></extension><nameUrl value="StructureDefinition-NgPatient.html"/><title value="NG Patient"/><generation value="generated"/></page><page><extension url="http://hl7.org/fhir/tools/StructureDefinition/ig-page-name"><valueUrl value="StructureDefinition-NgPractitioner.html"/></extension><nameUrl value="StructureDefinition-NgPractitioner.html"/><title value="NG Practitioner"/><generation value="generated"/></page><page><extension url="http://hl7.org/fhir/tools/StructureDefinition/ig-page-name"><valueUrl value="StructureDefinition-ng-practitionerrole.html"/></extension><nameUrl value="StructureDefinition-ng-practitionerrole.html"/><title value="NG PractitionerRole"/><generation value="generated"/></page><page><extension url="http://hl7.org/fhir/tools/StructureDefinition/ig-page-name"><valueUrl value="StructureDefinition-ng-provenance.html"/></extension><nameUrl value="StructureDefinition-ng-provenance.html"/><title value="NG Provenance"/><generation value="generated"/></page><page><extension url="http://hl7.org/fhir/tools/StructureDefinition/ig-page-name"><valueUrl value="StructureDefinition-ng-claim-task.html"/></extension><nameUrl value="StructureDefinition-ng-claim-task.html"/><title value="NG Task"/><generation value="generated"/></page><page><extension url="http://hl7.org/fhir/tools/StructureDefinition/ig-page-name"><valueUrl value="StructureDefinition-ng-claim-coverage.html"/></extension><nameUrl value="StructureDefinition-ng-claim-coverage.html"/><title value="NG-Claim Coverage"/><generation value="generated"/></page><page><extension url="http://hl7.org/fhir/tools/StructureDefinition/ig-page-name"><valueUrl value="StructureDefinition-ng-eligibility-request.html"/></extension><nameUrl value="StructureDefinition-ng-eligibility-request.html"/><title value="NG-CoverageEligibilityRequest"/><generation value="generated"/></page><page><extension url="http://hl7.org/fhir/tools/StructureDefinition/ig-page-name"><valueUrl value="StructureDefinition-ng-dosage.html"/></extension><nameUrl value="StructureDefinition-ng-dosage.html"/><title value="NG Dosage"/><generation value="generated"/></page><page><extension url="http://hl7.org/fhir/tools/StructureDefinition/ig-page-name"><valueUrl value="ValueSet-nigeria-gender.html"/></extension><nameUrl value="ValueSet-nigeria-gender.html"/><title value="NG-Imm Gender or Sex VS"/><generation value="generated"/></page><page><extension url="http://hl7.org/fhir/tools/StructureDefinition/ig-page-name"><valueUrl value="ValueSet-nigeria-facility-types.html"/></extension><nameUrl value="ValueSet-nigeria-facility-types.html"/><title value="NG-Imm HealthFacility Type VS"/><generation value="generated"/></page><page><extension url="http://hl7.org/fhir/tools/StructureDefinition/ig-page-name"><valueUrl value="ValueSet-nigeria-languages.html"/></extension><nameUrl value="ValueSet-nigeria-languages.html"/><title value="NG-Imm Languages VS"/><generation value="generated"/></page><page><extension url="http://hl7.org/fhir/tools/StructureDefinition/ig-page-name"><valueUrl value="ValueSet-nigeria-lgas.html"/></extension><nameUrl value="ValueSet-nigeria-lgas.html"/><title value="NG-Imm LGAs VS"/><generation value="generated"/></page><page><extension url="http://hl7.org/fhir/tools/StructureDefinition/ig-page-name"><valueUrl value="ValueSet-nigeria-location-owner.html"/></extension><nameUrl value="ValueSet-nigeria-location-owner.html"/><title value="NG-Imm Location Owner"/><generation value="generated"/></page><page><extension url="http://hl7.org/fhir/tools/StructureDefinition/ig-page-name"><valueUrl value="ValueSet-nigeria-states.html"/></extension><nameUrl value="ValueSet-nigeria-states.html"/><title value="NG-Imm States VS"/><generation value="generated"/></page><page><extension url="http://hl7.org/fhir/tools/StructureDefinition/ig-page-name"><valueUrl value="ValueSet-nigeria-wards.html"/></extension><nameUrl value="ValueSet-nigeria-wards.html"/><title value="NG-Imm Wards VS"/><generation value="generated"/></page><page><extension url="http://hl7.org/fhir/tools/StructureDefinition/ig-page-name"><valueUrl value="CodeSystem-nigeria-wards.html"/></extension><nameUrl value="CodeSystem-nigeria-wards.html"/><title value="NG-Imm Administrative Wards CS"/><generation value="generated"/></page><page><extension url="http://hl7.org/fhir/tools/StructureDefinition/ig-page-name"><valueUrl value="CodeSystem-nigeria-facility-type.html"/></extension><nameUrl value="CodeSystem-nigeria-facility-type.html"/><title value="NG-Imm Facility Type CS"/><generation value="generated"/></page><page><extension url="http://hl7.org/fhir/tools/StructureDefinition/ig-page-name"><valueUrl value="CodeSystem-nigeria-gender.html"/></extension><nameUrl value="CodeSystem-nigeria-gender.html"/><title value="NG-Imm Gender CS"/><generation value="generated"/></page><page><extension url="http://hl7.org/fhir/tools/StructureDefinition/ig-page-name"><valueUrl value="CodeSystem-nigeria-lgas.html"/></extension><nameUrl value="CodeSystem-nigeria-lgas.html"/><title value="NG-Imm LGAs in Nigeria CS"/><generation value="generated"/></page><page><extension url="http://hl7.org/fhir/tools/StructureDefinition/ig-page-name"><valueUrl value="CodeSystem-nigeria-location-owner-cs.html"/></extension><nameUrl value="CodeSystem-nigeria-location-owner-cs.html"/><title value="NG-Imm Location Owner CS"/><generation value="generated"/></page><page><extension url="http://hl7.org/fhir/tools/StructureDefinition/ig-page-name"><valueUrl value="CodeSystem-nigeria-states.html"/></extension><nameUrl value="CodeSystem-nigeria-states.html"/><title value="NG-Imm States in Nigeria CS"/><generation value="generated"/></page><page><extension url="http://hl7.org/fhir/tools/StructureDefinition/ig-page-name"><valueUrl value="CodeSystem-nigeria-languages.html"/></extension><nameUrl value="CodeSystem-nigeria-languages.html"/><title value="NG‑Imm Languages in Nigeria CS"/><generation value="generated"/></page><page><extension url="http://hl7.org/fhir/tools/StructureDefinition/ig-page-name"><valueUrl value="Medication-medication-001.html"/></extension><nameUrl value="Medication-medication-001.html"/><title value="Example: Amoxicillin 250mg Capsule"/><generation value="generated"/></page><page><extension url="http://hl7.org/fhir/tools/StructureDefinition/ig-page-name"><valueUrl value="AuditEvent-audit-001.html"/></extension><nameUrl value="AuditEvent-audit-001.html"/><title value="Example: AuditEvent for Prescription Access"/><generation value="generated"/></page><page><extension url="http://hl7.org/fhir/tools/StructureDefinition/ig-page-name"><valueUrl value="Coverage-coverage-001.html"/></extension><nameUrl value="Coverage-coverage-001.html"/><title value="Example: Claim Coverage"/><generation value="generated"/></page><page><extension url="http://hl7.org/fhir/tools/StructureDefinition/ig-page-name"><valueUrl value="Communication-example-communication.html"/></extension><nameUrl value="Communication-example-communication.html"/><title value="Example: Communication from Pharmacy to Prescriber"/><generation value="generated"/></page><page><extension url="http://hl7.org/fhir/tools/StructureDefinition/ig-page-name"><valueUrl value="Condition-condition-001.html"/></extension><nameUrl value="Condition-condition-001.html"/><title value="Example: Condition for Prescription"/><generation value="generated"/></page><page><extension url="http://hl7.org/fhir/tools/StructureDefinition/ig-page-name"><valueUrl value="CoverageEligibilityRequest-eligibility-request-001.html"/></extension><nameUrl value="CoverageEligibilityRequest-eligibility-request-001.html"/><title value="Example: Coverage Eligibility Request"/><generation value="generated"/></page><page><extension url="http://hl7.org/fhir/tools/StructureDefinition/ig-page-name"><valueUrl value="Bundle-example-coverage-enquiry-bundle.html"/></extension><nameUrl value="Bundle-example-coverage-enquiry-bundle.html"/><title value="Example: Coverage Enquiry Bundle"/><generation value="generated"/></page><page><extension url="http://hl7.org/fhir/tools/StructureDefinition/ig-page-name"><valueUrl value="Bundle-example-dispense-notification.html"/></extension><nameUrl value="Bundle-example-dispense-notification.html"/><title value="Example: Dispense Notification"/><generation value="generated"/></page><page><extension url="http://hl7.org/fhir/tools/StructureDefinition/ig-page-name"><valueUrl value="MedicationDispense-dispense-001.html"/></extension><nameUrl value="MedicationDispense-dispense-001.html"/><title value="Example: Medication Dispense"/><generation value="generated"/></page><page><extension url="http://hl7.org/fhir/tools/StructureDefinition/ig-page-name"><valueUrl value="MedicationRequest-medicationrequest-001.html"/></extension><nameUrl value="MedicationRequest-medicationrequest-001.html"/><title value="Example: MedicationRequest"/><generation value="generated"/></page><page><extension url="http://hl7.org/fhir/tools/StructureDefinition/ig-page-name"><valueUrl value="Organization-organization-001.html"/></extension><nameUrl value="Organization-organization-001.html"/><title value="Example: NG Organization"/><generation value="generated"/></page><page><extension url="http://hl7.org/fhir/tools/StructureDefinition/ig-page-name"><valueUrl value="Patient-patient-001.html"/></extension><nameUrl value="Patient-patient-001.html"/><title value="Example: NG Patient"/><generation value="generated"/></page><page><extension url="http://hl7.org/fhir/tools/StructureDefinition/ig-page-name"><valueUrl value="Practitioner-practitioner-001.html"/></extension><nameUrl value="Practitioner-practitioner-001.html"/><title value="Example: NG Practitioner"/><generation value="generated"/></page><page><extension url="http://hl7.org/fhir/tools/StructureDefinition/ig-page-name"><valueUrl value="PractitionerRole-practitioner-role-001.html"/></extension><nameUrl value="PractitionerRole-practitioner-role-001.html"/><title value="Example: NG PractitionerRole"/><generation value="generated"/></page><page><extension url="http://hl7.org/fhir/tools/StructureDefinition/ig-page-name"><valueUrl value="Location-example-location.html"/></extension><nameUrl value="Location-example-location.html"/><title value="Example: Pharmacy Location"/><generation value="generated"/></page><page><extension url="http://hl7.org/fhir/tools/StructureDefinition/ig-page-name"><valueUrl value="Bundle-example-prescription-bundle.html"/></extension><nameUrl value="Bundle-example-prescription-bundle.html"/><title value="Example: Prescription Bundle"/><generation value="generated"/></page><page><extension url="http://hl7.org/fhir/tools/StructureDefinition/ig-page-name"><valueUrl value="Encounter-encounter-001.html"/></extension><nameUrl value="Encounter-encounter-001.html"/><title value="Example: Prescription Encounter"/><generation value="generated"/></page><page><extension url="http://hl7.org/fhir/tools/StructureDefinition/ig-page-name"><valueUrl value="Provenance-provenance-001.html"/></extension><nameUrl value="Provenance-provenance-001.html"/><title value="Example: Provenance of ePrescription"/><generation value="generated"/></page><page><extension url="http://hl7.org/fhir/tools/StructureDefinition/ig-page-name"><valueUrl value="DocumentReference-example-document-reference.html"/></extension><nameUrl value="DocumentReference-example-document-reference.html"/><title value="Example: Scanned Discharge Summary"/><generation value="generated"/></page><page><extension url="http://hl7.org/fhir/tools/StructureDefinition/ig-page-name"><valueUrl value="Task-example-claim-task.html"/></extension><nameUrl value="Task-example-claim-task.html"/><title value="Example: Task for Dispensing Prescription"/><generation value="generated"/></page></page></page><parameter><code value="path-resource"/><value value="input/capabilities"/></parameter><parameter><code value="path-resource"/><value value="input/examples"/></parameter><parameter><code value="path-resource"/><value value="input/extensions"/></parameter><parameter><code value="path-resource"/><value value="input/models"/></parameter><parameter><code value="path-resource"/><value value="input/operations"/></parameter><parameter><code value="path-resource"/><value value="input/profiles"/></parameter><parameter><code value="path-resource"/><value value="input/resources"/></parameter><parameter><code value="path-resource"/><value value="input/vocabulary"/></parameter><parameter><code value="path-resource"/><value value="input/maps"/></parameter><parameter><code value="path-resource"/><value value="input/testing"/></parameter><parameter><code value="path-resource"/><value value="input/history"/></parameter><parameter><code value="path-resource"/><value value="fsh-generated/resources"/></parameter><parameter><code value="path-pages"/><value value="template/config"/></parameter><parameter><code value="path-pages"/><value value="input/images"/></parameter><parameter><code value="path-tx-cache"/><value value="input-cache/txcache"/></parameter></definition></ImplementationGuide>