{
  "resourceType" : "CodeSystem",
  "id" : "nigeria-location-owner-cs",
  "text" : {
    "status" : "generated",
    "div" : "<div xmlns=\"http://www.w3.org/1999/xhtml\"><p class=\"res-header-id\"><b>Generated Narrative: CodeSystem nigeria-location-owner-cs</b></p><a name=\"nigeria-location-owner-cs\"> </a><a name=\"hcnigeria-location-owner-cs\"> </a><p>This  code system <code>https://dhin.org/2025Connectathon/CodeSystem/nigeria-location-owner-cs</code> defines the following codes:</p><table class=\"codes\"><tr><td style=\"white-space:nowrap\"><b>Code</b></td><td><b>Display</b></td></tr><tr><td style=\"white-space:nowrap\">public<a name=\"nigeria-location-owner-cs-public\"> </a></td><td>Public Health Institution Location</td></tr><tr><td style=\"white-space:nowrap\">private<a name=\"nigeria-location-owner-cs-private\"> </a></td><td>Private Health Institution Location</td></tr><tr><td style=\"white-space:nowrap\">faith-based<a name=\"nigeria-location-owner-cs-faith-based\"> </a></td><td>Faith-based Institution Locations such as churches, musques, and traditional homes</td></tr></table></div>"
  },
  "url" : "https://dhin.org/2025Connectathon/CodeSystem/nigeria-location-owner-cs",
  "version" : "0.1.0",
  "name" : "NGOrganizationOwnerCS",
  "title" : "NG-Imm Location Owner CS",
  "status" : "draft",
  "date" : "2025-08-02T14:00:19+01:00",
  "publisher" : "https://www.dhin-hie.org",
  "contact" : [{
    "name" : "https://www.dhin-hie.org",
    "telecom" : [{
      "system" : "url",
      "value" : "https://www.dhin-hie.org/IGs"
    },
    {
      "system" : "email",
      "value" : "info@dhin-hie.org"
    }]
  },
  {
    "name" : "Digital Health Interoperability Network (DHIN).",
    "telecom" : [{
      "system" : "email",
      "value" : "info@dhin-hie.org",
      "use" : "work"
    }]
  }],
  "description" : "This CodeSystem defines Immunization Location Owner.",
  "jurisdiction" : [{
    "coding" : [{
      "system" : "urn:iso:std:iso:3166",
      "code" : "NG",
      "display" : "Nigeria"
    }]
  }],
  "content" : "complete",
  "count" : 3,
  "concept" : [{
    "code" : "public",
    "display" : "Public Health Institution Location"
  },
  {
    "code" : "private",
    "display" : "Private Health Institution Location"
  },
  {
    "code" : "faith-based",
    "display" : "Faith-based Institution Locations such as churches, musques, and traditional homes"
  }]
}