{
  "resourceType" : "CodeSystem",
  "id" : "nigeria-states",
  "text" : {
    "status" : "generated",
    "div" : "<div xmlns=\"http://www.w3.org/1999/xhtml\"><p class=\"res-header-id\"><b>Generated Narrative: CodeSystem nigeria-states</b></p><a name=\"nigeria-states\"> </a><a name=\"hcnigeria-states\"> </a><p>This case-sensitive code system <code>https://dhin.org/2025Connectathon/CodeSystem/nigeria-states</code> defines the following codes in a Grouped By hierarchy:</p><table class=\"codes\"><tr><td style=\"white-space:nowrap\"><b>Code</b></td><td><b>Display</b></td></tr><tr><td style=\"white-space:nowrap\">AB<a name=\"nigeria-states-AB\"> </a></td><td>Abia</td></tr><tr><td style=\"white-space:nowrap\">AD<a name=\"nigeria-states-AD\"> </a></td><td>Adamawa</td></tr><tr><td style=\"white-space:nowrap\">AK<a name=\"nigeria-states-AK\"> </a></td><td>Akwa Ibom</td></tr><tr><td style=\"white-space:nowrap\">AN<a name=\"nigeria-states-AN\"> </a></td><td>Anambra</td></tr><tr><td style=\"white-space:nowrap\">BA<a name=\"nigeria-states-BA\"> </a></td><td>Bauchi</td></tr><tr><td style=\"white-space:nowrap\">BY<a name=\"nigeria-states-BY\"> </a></td><td>Bayelsa</td></tr><tr><td style=\"white-space:nowrap\">BE<a name=\"nigeria-states-BE\"> </a></td><td>Benue</td></tr><tr><td style=\"white-space:nowrap\">BO<a name=\"nigeria-states-BO\"> </a></td><td>Borno</td></tr><tr><td style=\"white-space:nowrap\">CR<a name=\"nigeria-states-CR\"> </a></td><td>Cross River</td></tr><tr><td style=\"white-space:nowrap\">DE<a name=\"nigeria-states-DE\"> </a></td><td>Delta</td></tr><tr><td style=\"white-space:nowrap\">EB<a name=\"nigeria-states-EB\"> </a></td><td>Ebonyi</td></tr><tr><td style=\"white-space:nowrap\">ED<a name=\"nigeria-states-ED\"> </a></td><td>Edo</td></tr><tr><td style=\"white-space:nowrap\">EK<a name=\"nigeria-states-EK\"> </a></td><td>Ekiti</td></tr><tr><td style=\"white-space:nowrap\">EN<a name=\"nigeria-states-EN\"> </a></td><td>Enugu</td></tr><tr><td style=\"white-space:nowrap\">GO<a name=\"nigeria-states-GO\"> </a></td><td>Gombe</td></tr><tr><td style=\"white-space:nowrap\">IM<a name=\"nigeria-states-IM\"> </a></td><td>Imo</td></tr><tr><td style=\"white-space:nowrap\">JI<a name=\"nigeria-states-JI\"> </a></td><td>Jigawa</td></tr><tr><td style=\"white-space:nowrap\">KD<a name=\"nigeria-states-KD\"> </a></td><td>Kaduna</td></tr><tr><td style=\"white-space:nowrap\">KN<a name=\"nigeria-states-KN\"> </a></td><td>Kano</td></tr><tr><td style=\"white-space:nowrap\">KT<a name=\"nigeria-states-KT\"> </a></td><td>Katsina</td></tr><tr><td style=\"white-space:nowrap\">KB<a name=\"nigeria-states-KB\"> </a></td><td>Kebbi</td></tr><tr><td style=\"white-space:nowrap\">KO<a name=\"nigeria-states-KO\"> </a></td><td>Kogi</td></tr><tr><td style=\"white-space:nowrap\">KW<a name=\"nigeria-states-KW\"> </a></td><td>Kwara</td></tr><tr><td style=\"white-space:nowrap\">LA<a name=\"nigeria-states-LA\"> </a></td><td>Lagos</td></tr><tr><td style=\"white-space:nowrap\">NA<a name=\"nigeria-states-NA\"> </a></td><td>Nasarawa</td></tr><tr><td style=\"white-space:nowrap\">NI<a name=\"nigeria-states-NI\"> </a></td><td>Niger</td></tr><tr><td style=\"white-space:nowrap\">OG<a name=\"nigeria-states-OG\"> </a></td><td>Ogun</td></tr><tr><td style=\"white-space:nowrap\">ON<a name=\"nigeria-states-ON\"> </a></td><td>Ondo</td></tr><tr><td style=\"white-space:nowrap\">OS<a name=\"nigeria-states-OS\"> </a></td><td>Osun</td></tr><tr><td style=\"white-space:nowrap\">OY<a name=\"nigeria-states-OY\"> </a></td><td>Oyo</td></tr><tr><td style=\"white-space:nowrap\">PL<a name=\"nigeria-states-PL\"> </a></td><td>Plateau</td></tr><tr><td style=\"white-space:nowrap\">RI<a name=\"nigeria-states-RI\"> </a></td><td>Rivers</td></tr><tr><td style=\"white-space:nowrap\">SO<a name=\"nigeria-states-SO\"> </a></td><td>Sokoto</td></tr><tr><td style=\"white-space:nowrap\">TA<a name=\"nigeria-states-TA\"> </a></td><td>Taraba</td></tr><tr><td style=\"white-space:nowrap\">YO<a name=\"nigeria-states-YO\"> </a></td><td>Yobe</td></tr><tr><td style=\"white-space:nowrap\">ZA<a name=\"nigeria-states-ZA\"> </a></td><td>Zamfara</td></tr><tr><td style=\"white-space:nowrap\">FC<a name=\"nigeria-states-FC\"> </a></td><td>Federal Capital Territory (FCT)</td></tr></table></div>"
  },
  "url" : "https://dhin.org/2025Connectathon/CodeSystem/nigeria-states",
  "version" : "0.1.0",
  "name" : "NGStatesCS",
  "title" : "NG-Imm States in Nigeria CS",
  "status" : "active",
  "date" : "2025-07-31T23:10:18+01:00",
  "publisher" : "https://dhin-hie.org",
  "contact" : [{
    "name" : "https://dhin-hie.org",
    "telecom" : [{
      "system" : "url",
      "value" : "https://dhin-hie.org"
    },
    {
      "system" : "email",
      "value" : "info@dhin-hie.org"
    }]
  },
  {
    "name" : "Digital Health Interoperability Network (DHIN).",
    "telecom" : [{
      "system" : "email",
      "value" : "info@dhin-hie.org",
      "use" : "work"
    }]
  }],
  "description" : "This CodeSystem defines ward codes and names mapped to their respective States in Nigeria.",
  "jurisdiction" : [{
    "coding" : [{
      "system" : "urn:iso:std:iso:3166",
      "code" : "NG",
      "display" : "Nigeria"
    }]
  }],
  "caseSensitive" : true,
  "hierarchyMeaning" : "grouped-by",
  "content" : "complete",
  "count" : 37,
  "concept" : [{
    "code" : "AB",
    "display" : "Abia"
  },
  {
    "code" : "AD",
    "display" : "Adamawa"
  },
  {
    "code" : "AK",
    "display" : "Akwa Ibom"
  },
  {
    "code" : "AN",
    "display" : "Anambra"
  },
  {
    "code" : "BA",
    "display" : "Bauchi"
  },
  {
    "code" : "BY",
    "display" : "Bayelsa"
  },
  {
    "code" : "BE",
    "display" : "Benue"
  },
  {
    "code" : "BO",
    "display" : "Borno"
  },
  {
    "code" : "CR",
    "display" : "Cross River"
  },
  {
    "code" : "DE",
    "display" : "Delta"
  },
  {
    "code" : "EB",
    "display" : "Ebonyi"
  },
  {
    "code" : "ED",
    "display" : "Edo"
  },
  {
    "code" : "EK",
    "display" : "Ekiti"
  },
  {
    "code" : "EN",
    "display" : "Enugu"
  },
  {
    "code" : "GO",
    "display" : "Gombe"
  },
  {
    "code" : "IM",
    "display" : "Imo"
  },
  {
    "code" : "JI",
    "display" : "Jigawa"
  },
  {
    "code" : "KD",
    "display" : "Kaduna"
  },
  {
    "code" : "KN",
    "display" : "Kano"
  },
  {
    "code" : "KT",
    "display" : "Katsina"
  },
  {
    "code" : "KB",
    "display" : "Kebbi"
  },
  {
    "code" : "KO",
    "display" : "Kogi"
  },
  {
    "code" : "KW",
    "display" : "Kwara"
  },
  {
    "code" : "LA",
    "display" : "Lagos"
  },
  {
    "code" : "NA",
    "display" : "Nasarawa"
  },
  {
    "code" : "NI",
    "display" : "Niger"
  },
  {
    "code" : "OG",
    "display" : "Ogun"
  },
  {
    "code" : "ON",
    "display" : "Ondo"
  },
  {
    "code" : "OS",
    "display" : "Osun"
  },
  {
    "code" : "OY",
    "display" : "Oyo"
  },
  {
    "code" : "PL",
    "display" : "Plateau"
  },
  {
    "code" : "RI",
    "display" : "Rivers"
  },
  {
    "code" : "SO",
    "display" : "Sokoto"
  },
  {
    "code" : "TA",
    "display" : "Taraba"
  },
  {
    "code" : "YO",
    "display" : "Yobe"
  },
  {
    "code" : "ZA",
    "display" : "Zamfara"
  },
  {
    "code" : "FC",
    "display" : "Federal Capital Territory (FCT)"
  }]
}