{
  "resourceType" : "CodeSystem",
  "id" : "nigeria-languages",
  "text" : {
    "status" : "generated",
    "div" : "<div xmlns=\"http://www.w3.org/1999/xhtml\"><p class=\"res-header-id\"><b>Generated Narrative: CodeSystem nigeria-languages</b></p><a name=\"nigeria-languages\"> </a><a name=\"hcnigeria-languages\"> </a><p>This case-sensitive code system <code>https://dhin.org/2025Connectathon/CodeSystem/nigeria-languages</code> defines the following codes in a Grouped By hierarchy:</p><table class=\"codes\"><tr><td style=\"white-space:nowrap\"><b>Code</b></td><td><b>Display</b></td></tr><tr><td style=\"white-space:nowrap\">English<a name=\"nigeria-languages-English\"> </a></td><td>English</td></tr><tr><td style=\"white-space:nowrap\">Pidgin<a name=\"nigeria-languages-Pidgin\"> </a></td><td>Nigerian Pidgin</td></tr><tr><td style=\"white-space:nowrap\">Hausa<a name=\"nigeria-languages-Hausa\"> </a></td><td>Hausa</td></tr><tr><td style=\"white-space:nowrap\">Yoruba<a name=\"nigeria-languages-Yoruba\"> </a></td><td>Yoruba</td></tr><tr><td style=\"white-space:nowrap\">Igbo<a name=\"nigeria-languages-Igbo\"> </a></td><td>Igbo</td></tr><tr><td style=\"white-space:nowrap\">Fulfulde<a name=\"nigeria-languages-Fulfulde\"> </a></td><td>Fulfulde</td></tr><tr><td style=\"white-space:nowrap\">Ibibio<a name=\"nigeria-languages-Ibibio\"> </a></td><td>Ibibio</td></tr><tr><td style=\"white-space:nowrap\">Kanuri<a name=\"nigeria-languages-Kanuri\"> </a></td><td>Kanuri</td></tr><tr><td style=\"white-space:nowrap\">Tiv<a name=\"nigeria-languages-Tiv\"> </a></td><td>Tiv</td></tr><tr><td style=\"white-space:nowrap\">Nupe<a name=\"nigeria-languages-Nupe\"> </a></td><td>Nupe</td></tr><tr><td style=\"white-space:nowrap\">Igala<a name=\"nigeria-languages-Igala\"> </a></td><td>Igala</td></tr><tr><td style=\"white-space:nowrap\">Efik<a name=\"nigeria-languages-Efik\"> </a></td><td>Efik</td></tr><tr><td style=\"white-space:nowrap\">Ijaw<a name=\"nigeria-languages-Ijaw\"> </a></td><td>Ijaw</td></tr><tr><td style=\"white-space:nowrap\">Urhobo<a name=\"nigeria-languages-Urhobo\"> </a></td><td>Urhobo</td></tr><tr><td style=\"white-space:nowrap\">Itsekiri<a name=\"nigeria-languages-Itsekiri\"> </a></td><td>Itsekiri</td></tr><tr><td style=\"white-space:nowrap\">Bini-Edo<a name=\"nigeria-languages-Bini-Edo\"> </a></td><td>Bini (Edo)</td></tr><tr><td style=\"white-space:nowrap\">Ogoni<a name=\"nigeria-languages-Ogoni\"> </a></td><td>Ogoni</td></tr><tr><td style=\"white-space:nowrap\">Esan<a name=\"nigeria-languages-Esan\"> </a></td><td>Esan</td></tr><tr><td style=\"white-space:nowrap\">Ikwerre<a name=\"nigeria-languages-Ikwerre\"> </a></td><td>Ikwerre</td></tr><tr><td style=\"white-space:nowrap\">Idoma<a name=\"nigeria-languages-Idoma\"> </a></td><td>Idoma</td></tr><tr><td style=\"white-space:nowrap\">Ebira<a name=\"nigeria-languages-Ebira\"> </a></td><td>Ebira</td></tr><tr><td style=\"white-space:nowrap\">Hausa-Fulani<a name=\"nigeria-languages-Hausa-Fulani\"> </a></td><td>Hausa-Fulani</td></tr></table></div>"
  },
  "url" : "https://dhin.org/2025Connectathon/CodeSystem/nigeria-languages",
  "version" : "0.1.0",
  "name" : "NGLanguagesCS",
  "title" : "NG‑Imm Languages in Nigeria CS",
  "status" : "active",
  "date" : "2025-07-31T23:10:18+01:00",
  "publisher" : "https://dhin-hie.org",
  "contact" : [{
    "name" : "https://dhin-hie.org",
    "telecom" : [{
      "system" : "url",
      "value" : "https://dhin-hie.org"
    },
    {
      "system" : "email",
      "value" : "info@dhin-hie.org"
    }]
  },
  {
    "name" : "Digital Health Interoperability Network (DHIN).",
    "telecom" : [{
      "system" : "email",
      "value" : "info@dhin-hie.org",
      "use" : "work"
    }]
  }],
  "description" : "This CodeSystem defines codes for major languages spoken across Nigeria.",
  "jurisdiction" : [{
    "coding" : [{
      "system" : "urn:iso:std:iso:3166",
      "code" : "NG",
      "display" : "Nigeria"
    }]
  }],
  "caseSensitive" : true,
  "hierarchyMeaning" : "grouped-by",
  "content" : "complete",
  "count" : 22,
  "concept" : [{
    "code" : "English",
    "display" : "English"
  },
  {
    "code" : "Pidgin",
    "display" : "Nigerian Pidgin"
  },
  {
    "code" : "Hausa",
    "display" : "Hausa"
  },
  {
    "code" : "Yoruba",
    "display" : "Yoruba"
  },
  {
    "code" : "Igbo",
    "display" : "Igbo"
  },
  {
    "code" : "Fulfulde",
    "display" : "Fulfulde"
  },
  {
    "code" : "Ibibio",
    "display" : "Ibibio"
  },
  {
    "code" : "Kanuri",
    "display" : "Kanuri"
  },
  {
    "code" : "Tiv",
    "display" : "Tiv"
  },
  {
    "code" : "Nupe",
    "display" : "Nupe"
  },
  {
    "code" : "Igala",
    "display" : "Igala"
  },
  {
    "code" : "Efik",
    "display" : "Efik"
  },
  {
    "code" : "Ijaw",
    "display" : "Ijaw"
  },
  {
    "code" : "Urhobo",
    "display" : "Urhobo"
  },
  {
    "code" : "Itsekiri",
    "display" : "Itsekiri"
  },
  {
    "code" : "Bini-Edo",
    "display" : "Bini (Edo)"
  },
  {
    "code" : "Ogoni",
    "display" : "Ogoni"
  },
  {
    "code" : "Esan",
    "display" : "Esan"
  },
  {
    "code" : "Ikwerre",
    "display" : "Ikwerre"
  },
  {
    "code" : "Idoma",
    "display" : "Idoma"
  },
  {
    "code" : "Ebira",
    "display" : "Ebira"
  },
  {
    "code" : "Hausa-Fulani",
    "display" : "Hausa-Fulani"
  }]
}