{
  "resourceType" : "CoverageEligibilityRequest",
  "id" : "eligibility-request-001",
  "meta" : {
    "profile" : ["https://dhin.org/2025Connectathon/StructureDefinition/ng-eligibility-request"]
  },
  "text" : {
    "status" : "generated",
    "div" : "<div xmlns=\"http://www.w3.org/1999/xhtml\"><p class=\"res-header-id\"><b>Generated Narrative: CoverageEligibilityRequest eligibility-request-001</b></p><a name=\"eligibility-request-001\"> </a><a name=\"hceligibility-request-001\"> </a><div style=\"display: inline-block; background-color: #d9e0e7; padding: 6px; margin: 4px; border: 1px solid #8da1b4; border-radius: 5px; line-height: 60%\"><p style=\"margin-bottom: 0px\"/><p style=\"margin-bottom: 0px\">Profile: <a href=\"StructureDefinition-ng-eligibility-request.html\">NG-CoverageEligibilityRequest</a></p></div><p><b>status</b>: Active</p><p><b>purpose</b>: test</p><p><b>patient</b>: <a href=\"Bundle-example-coverage-enquiry-bundle.html#urn-uuid-patient-001\">Bundle: type = collection; timestamp = 2025-08-06 13:00:00+0100</a></p><p><b>created</b>: 2025-08-06</p><p><b>provider</b>: <a href=\"Bundle-example-coverage-enquiry-bundle.html#urn-uuid-practitioner-001\">Bundle: type = collection; timestamp = 2025-08-06 13:00:00+0100</a></p><p><b>insurer</b>: <a href=\"Bundle-example-coverage-enquiry-bundle.html#urn-uuid-organization-001\">Bundle: type = collection; timestamp = 2025-08-06 13:00:00+0100</a></p><h3>Insurances</h3><table class=\"grid\"><tr><td style=\"display: none\">-</td><td><b>Focal</b></td><td><b>Coverage</b></td></tr><tr><td style=\"display: none\">*</td><td>true</td><td><a href=\"Bundle-example-coverage-enquiry-bundle.html#urn-uuid-coverage-001\">Bundle: type = collection; timestamp = 2025-08-06 13:00:00+0100</a></td></tr></table></div>"
  },
  "status" : "active",
  "purpose" : ["test"],
  "patient" : {
    "reference" : "urn:uuid:patient-001"
  },
  "created" : "2025-08-06",
  "provider" : {
    "reference" : "urn:uuid:practitioner-001"
  },
  "insurer" : {
    "reference" : "urn:uuid:organization-001"
  },
  "insurance" : [{
    "focal" : true,
    "coverage" : {
      "reference" : "urn:uuid:coverage-001"
    }
  }]
}