{
  "resourceType" : "Encounter",
  "id" : "encounter-001",
  "meta" : {
    "profile" : ["https://dhin.org/2025Connectathon/StructureDefinition/ng-prescription-encounter"]
  },
  "text" : {
    "status" : "generated",
    "div" : "<div xmlns=\"http://www.w3.org/1999/xhtml\"><p class=\"res-header-id\"><b>Generated Narrative: Encounter encounter-001</b></p><a name=\"encounter-001\"> </a><a name=\"hcencounter-001\"> </a><div style=\"display: inline-block; background-color: #d9e0e7; padding: 6px; margin: 4px; border: 1px solid #8da1b4; border-radius: 5px; line-height: 60%\"><p style=\"margin-bottom: 0px\"/><p style=\"margin-bottom: 0px\">Profile: <a href=\"StructureDefinition-ng-prescription-encounter.html\">NG Encounter</a></p></div><p><b>status</b>: Finished</p><p><b>class</b>: <a href=\"http://terminology.hl7.org/6.5.0/CodeSystem-v3-ActCode.html#v3-ActCode-AMB\">ActCode AMB</a>: ambulatory</p><p><b>subject</b>: <a href=\"Patient-patient-001.html\">Chinedu Okoro  Male, DoB: 1990-06-15 ( https://nimc.gov.ng#NIN123456789)</a></p><p><b>period</b>: 2025-08-04 09:00:00+0100 --&gt; 2025-08-04 09:20:00+0100</p><p><b>reasonCode</b>: <span title=\"Codes:{http://snomed.info/sct 65363002}\">Otitis media</span></p><p><b>serviceProvider</b>: <a href=\"Organization/org-hospital\">Organization/org-hospital</a></p></div>"
  },
  "status" : "finished",
  "class" : {
    "system" : "http://terminology.hl7.org/CodeSystem/v3-ActCode",
    "code" : "AMB",
    "display" : "ambulatory"
  },
  "subject" : {
    "reference" : "Patient/patient-001"
  },
  "period" : {
    "start" : "2025-08-04T09:00:00+01:00",
    "end" : "2025-08-04T09:20:00+01:00"
  },
  "reasonCode" : [{
    "coding" : [{
      "system" : "http://snomed.info/sct",
      "code" : "65363002",
      "display" : "Otitis media"
    }]
  }],
  "serviceProvider" : {
    "reference" : "Organization/org-hospital"
  }
}