{
  "resourceType" : "PractitionerRole",
  "id" : "practitioner-role-001",
  "meta" : {
    "profile" : ["https://dhin.org/2025Connectathon/StructureDefinition/ng-practitionerrole"]
  },
  "text" : {
    "status" : "generated",
    "div" : "<div xmlns=\"http://www.w3.org/1999/xhtml\"><p class=\"res-header-id\"><b>Generated Narrative: PractitionerRole practitioner-role-001</b></p><a name=\"practitioner-role-001\"> </a><a name=\"hcpractitioner-role-001\"> </a><div style=\"display: inline-block; background-color: #d9e0e7; padding: 6px; margin: 4px; border: 1px solid #8da1b4; border-radius: 5px; line-height: 60%\"><p style=\"margin-bottom: 0px\"/><p style=\"margin-bottom: 0px\">Profile: <a href=\"StructureDefinition-ng-practitionerrole.html\">NG PractitionerRole</a></p></div><p><b>active</b>: true</p><p><b>practitioner</b>: <a href=\"Practitioner-practitioner-001.html\">Practitioner Chinelo Okoye </a></p><p><b>organization</b>: <a href=\"Organization-organization-001.html\">Organization Sunlight Medical Center</a></p><p><b>code</b>: <span title=\"Codes:{http://terminology.hl7.org/CodeSystem/practitioner-role doctor}\">Doctor</span></p><p><b>specialty</b>: <span title=\"Codes:{http://terminology.hl7.org/CodeSystem/c80-practice-codes 408443003}\">General medicine</span></p></div>"
  },
  "active" : true,
  "practitioner" : {
    "reference" : "Practitioner/practitioner-001"
  },
  "organization" : {
    "reference" : "Organization/organization-001"
  },
  "code" : [{
    "coding" : [{
      "system" : "http://terminology.hl7.org/CodeSystem/practitioner-role",
      "code" : "doctor",
      "display" : "Doctor"
    }]
  }],
  "specialty" : [{
    "coding" : [{
      "system" : "http://terminology.hl7.org/CodeSystem/c80-practice-codes",
      "code" : "408443003",
      "display" : "General medicine"
    }]
  }]
}