{
  "package": "2025connectathonPrescription",
  "version": "0.1.0",
  "fhirVersion": "4.0.1",
  "jurisdiction": "NG",
  "extensions": [],
  "profiles": {
    "Patient": [
      {
        "url": "https://dhin.org/2025Connectathon/StructureDefinition/NgPatient",
        "title": "NG Patient"
      }
    ],
    "Practitioner": [
      {
        "url": "https://dhin.org/2025Connectathon/StructureDefinition/NgPractitioner",
        "title": "NG Practitioner"
      }
    ],
    "AuditEvent": [
      {
        "url": "https://dhin.org/2025Connectathon/StructureDefinition/ng-audit-event",
        "title": "NG AuditEvent"
      }
    ],
    "Coverage": [
      {
        "url": "https://dhin.org/2025Connectathon/StructureDefinition/ng-claim-coverage",
        "title": "NG-Claim Coverage"
      }
    ],
    "Task": [
      {
        "url": "https://dhin.org/2025Connectathon/StructureDefinition/ng-claim-task",
        "title": "NG Task"
      }
    ],
    "Communication": [
      {
        "url": "https://dhin.org/2025Connectathon/StructureDefinition/ng-communication",
        "title": "NG Communication"
      }
    ],
    "Condition": [
      {
        "url": "https://dhin.org/2025Connectathon/StructureDefinition/ng-condition",
        "title": "NG Condition"
      }
    ],
    "Bundle": [
      {
        "url": "https://dhin.org/2025Connectathon/StructureDefinition/ng-prescription-bundle",
        "title": "3-NG Bundle Prescription"
      }
    ],
    "DocumentReference": [
      {
        "url": "https://dhin.org/2025Connectathon/StructureDefinition/ng-document-reference",
        "title": "NG DocumentReference"
      }
    ],
    "CoverageEligibilityRequest": [
      {
        "url": "https://dhin.org/2025Connectathon/StructureDefinition/ng-eligibility-request",
        "title": "NG-CoverageEligibilityRequest"
      }
    ],
    "Organization": [
      {
        "url": "https://dhin.org/2025Connectathon/StructureDefinition/ng-imm-organization",
        "title": "NG Organization"
      }
    ],
    "Location": [
      {
        "url": "https://dhin.org/2025Connectathon/StructureDefinition/ng-location",
        "title": "NG Location"
      }
    ],
    "Medication": [
      {
        "url": "https://dhin.org/2025Connectathon/StructureDefinition/ng-medication",
        "title": "NG Medication"
      }
    ],
    "MedicationDispense": [
      {
        "url": "https://dhin.org/2025Connectathon/StructureDefinition/ng-medication-dispense",
        "title": "NG MedicationDispense"
      }
    ],
    "MedicationRequest": [
      {
        "url": "https://dhin.org/2025Connectathon/StructureDefinition/ng-medication-request",
        "title": "NG MedicationRequest"
      }
    ],
    "PractitionerRole": [
      {
        "url": "https://dhin.org/2025Connectathon/StructureDefinition/ng-practitionerrole",
        "title": "NG PractitionerRole"
      }
    ],
    "Encounter": [
      {
        "url": "https://dhin.org/2025Connectathon/StructureDefinition/ng-prescription-encounter",
        "title": "NG Encounter"
      }
    ],
    "Provenance": [
      {
        "url": "https://dhin.org/2025Connectathon/StructureDefinition/ng-provenance",
        "title": "NG Provenance"
      }
    ]
  },
  "usage": {
    "http://hl7.org/fhir/StructureDefinition/elementdefinition-bestpractice": [
      "StructureDefinition.snapshot.element.constraint"
    ],
    "http://hl7.org/fhir/StructureDefinition/elementdefinition-bestpractice-explanation": [
      "StructureDefinition.snapshot.element.constraint"
    ],
    "http://hl7.org/fhir/StructureDefinition/elementdefinition-bindingName": [
      "StructureDefinition.snapshot.element.binding"
    ],
    "http://hl7.org/fhir/StructureDefinition/elementdefinition-maxValueSet": [
      "StructureDefinition.snapshot.element.binding"
    ],
    "http://hl7.org/fhir/StructureDefinition/elementdefinition-translatable": [
      "StructureDefinition.snapshot.element"
    ],
    "http://hl7.org/fhir/StructureDefinition/structuredefinition-fhir-type": [
      "StructureDefinition.snapshot.element.type"
    ],
    "http://hl7.org/fhir/StructureDefinition/structuredefinition-hierarchy": [
      "StructureDefinition.differential.element.type",
      "StructureDefinition.snapshot.element.type"
    ],
    "http://hl7.org/fhir/tools/StructureDefinition/ig-internal-dependency": [
      "ImplementationGuide.definition"
    ],
    "http://hl7.org/fhir/tools/StructureDefinition/ig-page-name": [
      "ImplementationGuide.definition.page",
      "ImplementationGuide.definition.page.page"
    ],
    "http://hl7.org/fhir/tools/StructureDefinition/ig-parameter": [
      "ImplementationGuide.definition"
    ],
    "http://hl7.org/fhir/tools/StructureDefinition/implementationguide-dependency-comment": [
      "ImplementationGuide.dependsOn"
    ],
    "http://hl7.org/fhir/tools/StructureDefinition/resource-information": [
      "ImplementationGuide.definition.resource"
    ],
    "http://hl7.org/fhir/tools/StructureDefinition/snapshot-base-version": [
      "StructureDefinition.snapshot"
    ]
  }
}