<?xml version="1.0" encoding="UTF-8"?>

<ValueSet xmlns="http://hl7.org/fhir">
  <id value="nigeria-facility-types"/>
  <text>
    <status value="generated"/><div xmlns="http://www.w3.org/1999/xhtml"><p class="res-header-id"><b>Generated Narrative: ValueSet nigeria-facility-types</b></p><a name="nigeria-facility-types"> </a><a name="hcnigeria-facility-types"> </a><ul><li>Include all codes defined in <a href="CodeSystem-nigeria-facility-type.html"><code>https://dhin.org/2025Connectathon/CodeSystem/nigeria-facility-type</code></a></li></ul></div>
  </text>
  <url value="https://dhin.org/2025Connectathon/ValueSet/nigeria-facility-types"/>
  <version value="0.1.0"/>
  <name value="NGFacilityTypeVS"/>
  <title value="NG-Imm HealthFacility Type VS"/>
  <status value="active"/>
  <date value="2025-07-31T23:10:18+01:00"/>
  <publisher value="https://dhin-hie.org"/>
  <contact>
    <name value="https://dhin-hie.org"/>
    <telecom>
      <system value="url"/>
      <value value="https://dhin-hie.org"/>
    </telecom>
    <telecom>
      <system value="email"/>
      <value value="info@dhin-hie.org"/>
    </telecom>
  </contact>
  <contact>
    <name value="Digital Health Interoperability Network (DHIN)."/>
    <telecom>
      <system value="email"/>
      <value value="info@dhin-hie.org"/>
      <use value="work"/>
    </telecom>
  </contact>
  <description value="Classification of Nigerian health facilities"/>
  <jurisdiction>
    <coding>
      <system value="urn:iso:std:iso:3166"/>
      <code value="NG"/>
      <display value="Nigeria"/>
    </coding>
  </jurisdiction>
  <compose>
    <include>
      <system value="https://dhin.org/2025Connectathon/CodeSystem/nigeria-facility-type"/>
    </include>
  </compose>
</ValueSet>