{
  "resourceType" : "DocumentReference",
  "id" : "example-document-reference",
  "meta" : {
    "profile" : ["https://dhin.org/2025Connectathon/StructureDefinition/ng-document-reference"]
  },
  "text" : {
    "status" : "generated",
    "div" : "<div xmlns=\"http://www.w3.org/1999/xhtml\"><p class=\"res-header-id\"><b>Generated Narrative: DocumentReference example-document-reference</b></p><a name=\"example-document-reference\"> </a><a name=\"hcexample-document-reference\"> </a><div style=\"display: inline-block; background-color: #d9e0e7; padding: 6px; margin: 4px; border: 1px solid #8da1b4; border-radius: 5px; line-height: 60%\"><p style=\"margin-bottom: 0px\"/><p style=\"margin-bottom: 0px\">Profile: <a href=\"StructureDefinition-ng-document-reference.html\">NG DocumentReference</a></p></div><p><b>status</b>: Current</p><p><b>docStatus</b>: Final</p><p><b>type</b>: <span title=\"Codes:{http://loinc.org 18842-5}\">Discharge summary</span></p><p><b>category</b>: <span title=\"Codes:{http://terminology.hl7.org/CodeSystem/document-classcodes DS}\">Discharge Summary</span></p><p><b>subject</b>: <a href=\"Patient-patient-001.html\">Chinedu Okoro  Male, DoB: 1990-06-15 ( https://nimc.gov.ng#NIN123456789)</a></p><p><b>date</b>: 2025-08-05 12:30:00+0100</p><p><b>author</b>: <a href=\"Practitioner-practitioner-001.html\">Practitioner Chinelo Okoye </a></p><p><b>custodian</b>: <a href=\"Organization/org-hospital\">Organization/org-hospital</a></p><p><b>description</b>: Scanned copy of discharge summary for hospitalization between 01-Aug and 05-Aug</p><blockquote><p><b>content</b></p><h3>Attachments</h3><table class=\"grid\"><tr><td style=\"display: none\">-</td><td><b>ContentType</b></td><td><b>Url</b></td><td><b>Title</b></td><td><b>Creation</b></td></tr><tr><td style=\"display: none\">*</td><td>application/pdf</td><td><a href=\"https://example.org/docs/discharge-summary-20250805.pdf\">https://example.org/docs/discharge-summary-20250805.pdf</a></td><td>Discharge Summary</td><td>2025-08-05 12:00:00+0100</td></tr></table><p><b>format</b>: ihe.formatcode.fhir urn:ihe:iti:xds-sd:pdf:2008: XDS-SD PDF</p></blockquote><h3>Contexts</h3><table class=\"grid\"><tr><td style=\"display: none\">-</td><td><b>Encounter</b></td><td><b>Period</b></td><td><b>FacilityType</b></td></tr><tr><td style=\"display: none\">*</td><td><a href=\"Encounter-encounter-001.html\">Encounter: status = finished; class = ambulatory (ActCode#AMB); period = 2025-08-04 09:00:00+0100 --&gt; 2025-08-04 09:20:00+0100; reasonCode = Otitis media</a></td><td>2025-08-01 10:00:00+0100 --&gt; 2025-08-05 09:00:00+0100</td><td><span title=\"Codes:{http://terminology.hl7.org/CodeSystem/service-type 322}\">Hospital facility</span></td></tr></table></div>"
  },
  "status" : "current",
  "docStatus" : "final",
  "type" : {
    "coding" : [{
      "system" : "http://loinc.org",
      "code" : "18842-5",
      "display" : "Discharge summary"
    }]
  },
  "category" : [{
    "coding" : [{
      "system" : "http://terminology.hl7.org/CodeSystem/document-classcodes",
      "code" : "DS",
      "display" : "Discharge Summary"
    }]
  }],
  "subject" : {
    "reference" : "Patient/patient-001"
  },
  "date" : "2025-08-05T12:30:00+01:00",
  "author" : [{
    "reference" : "Practitioner/practitioner-001"
  }],
  "custodian" : {
    "reference" : "Organization/org-hospital"
  },
  "description" : "Scanned copy of discharge summary for hospitalization between 01-Aug and 05-Aug",
  "content" : [{
    "attachment" : {
      "contentType" : "application/pdf",
      "url" : "https://example.org/docs/discharge-summary-20250805.pdf",
      "title" : "Discharge Summary",
      "creation" : "2025-08-05T12:00:00+01:00"
    },
    "format" : {
      "system" : "http://ihe.net/fhir/ihe.formatcode.fhir",
      "code" : "urn:ihe:iti:xds-sd:pdf:2008",
      "display" : "XDS-SD PDF"
    }
  }],
  "context" : {
    "encounter" : [{
      "reference" : "Encounter/encounter-001"
    }],
    "period" : {
      "start" : "2025-08-01T10:00:00+01:00",
      "end" : "2025-08-05T09:00:00+01:00"
    },
    "facilityType" : {
      "coding" : [{
        "system" : "http://terminology.hl7.org/CodeSystem/service-type",
        "code" : "322",
        "display" : "Hospital facility"
      }]
    }
  }
}