{
  "resourceType" : "MedicationRequest",
  "id" : "medicationrequest-001",
  "meta" : {
    "profile" : ["https://dhin.org/2025Connectathon/StructureDefinition/ng-medication-request"]
  },
  "text" : {
    "status" : "generated",
    "div" : "<div xmlns=\"http://www.w3.org/1999/xhtml\"><p class=\"res-header-id\"><b>Generated Narrative: MedicationRequest medicationrequest-001</b></p><a name=\"medicationrequest-001\"> </a><a name=\"hcmedicationrequest-001\"> </a><div style=\"display: inline-block; background-color: #d9e0e7; padding: 6px; margin: 4px; border: 1px solid #8da1b4; border-radius: 5px; line-height: 60%\"><p style=\"margin-bottom: 0px\"/><p style=\"margin-bottom: 0px\">Profile: <a href=\"StructureDefinition-ng-medication-request.html\">NG MedicationRequest</a></p></div><p><b>status</b>: Active</p><p><b>intent</b>: Order</p><p><b>medication</b>: <span title=\"Codes:{http://www.nlm.nih.gov/research/umls/rxnorm 723}\">Amoxicillin 250mg Capsule</span></p><p><b>subject</b>: <code>NgPatient/patient-001</code></p><p><b>encounter</b>: <code>NgEncounter/encounter-001</code></p><p><b>authoredOn</b>: 2025-08-05</p><p><b>requester</b>: <code>NgPractitioner/practitioner-001</code></p><p><b>recorder</b>: <code>NgPractitioner/practitioner-001</code></p><blockquote><p><b>dosageInstruction</b></p><p><b>text</b>: Take one capsule three times a day for 7 days</p><p><b>timing</b>: 3 per 1 day</p><h3>DoseAndRates</h3><table class=\"grid\"><tr><td style=\"display: none\">-</td><td><b>Dose[x]</b></td></tr><tr><td style=\"display: none\">*</td><td>1 capsule</td></tr></table></blockquote><h3>DispenseRequests</h3><table class=\"grid\"><tr><td style=\"display: none\">-</td><td><b>ValidityPeriod</b></td><td><b>Quantity</b></td></tr><tr><td style=\"display: none\">*</td><td>2025-08-05 --&gt; 2025-08-12</td><td>21 capsule</td></tr></table></div>"
  },
  "status" : "active",
  "intent" : "order",
  "medicationCodeableConcept" : {
    "coding" : [{
      "system" : "http://www.nlm.nih.gov/research/umls/rxnorm",
      "code" : "723",
      "display" : "Amoxicillin 250mg Capsule"
    }]
  },
  "subject" : {
    "reference" : "NgPatient/patient-001"
  },
  "encounter" : {
    "reference" : "NgEncounter/encounter-001"
  },
  "authoredOn" : "2025-08-05",
  "requester" : {
    "reference" : "NgPractitioner/practitioner-001"
  },
  "recorder" : {
    "reference" : "NgPractitioner/practitioner-001"
  },
  "dosageInstruction" : [{
    "text" : "Take one capsule three times a day for 7 days",
    "timing" : {
      "repeat" : {
        "frequency" : 3,
        "period" : 1,
        "periodUnit" : "d"
      }
    },
    "doseAndRate" : [{
      "doseQuantity" : {
        "value" : 1,
        "unit" : "capsule"
      }
    }]
  }],
  "dispenseRequest" : {
    "validityPeriod" : {
      "start" : "2025-08-05",
      "end" : "2025-08-12"
    },
    "quantity" : {
      "value" : 21,
      "unit" : "capsule"
    }
  }
}